city,city_ascii,state_id,state_name,county_fips,county_name,lat,lng,population,density,source,military,incorporated,timezone,ranking,zips,id
Anchorage,Anchorage,AK,Alaska,2020,Anchorage,61.1508,-149.1091,290674,65.8,shape,False,True,America/Anchorage,2,99518 99515 99517 99516 99513 99540 99530 99567 99587 99508 99506 99507 99504 99505 99502 99503 99501 99577 99509 99510 99511 99514 99520 99521 99522 99523 99524 99529 99599,1840023385
Juneau,Juneau,AK,Alaska,2110,Juneau,58.4546,-134.1739,32108,4.6,shape,False,True,America/Juneau,2,99824 99801 99802 99803 99811 99812 99821,1840023306
North Lakes,North Lakes,AK,Alaska,2170,Matanuska-Susitna,61.6191,-149.311,10262,255.9,shape,False,False,America/Anchorage,3,99654 99687,1840152941
Ketchikan,Ketchikan,AK,Alaska,2130,Ketchikan Gateway,55.3556,-131.6698,8168,826.6,shape,False,True,America/Sitka,3,99901,1840023270
Nikiski,Nikiski,AK,Alaska,2122,Kenai Peninsula,60.7152,-151.2317,4405,24.5,shape,False,False,America/Anchorage,3,99611,1840023615
Deltana,Deltana,AK,Alaska,2240,Southeast Fairbanks,63.8723,-145.2158,2059,1.4,shape,False,True,America/Anchorage,4,99737 99731,1840075067
Unalakleet,Unalakleet,AK,Alaska,2180,Nome,63.8924,-160.7861,743,100.2,shape,False,True,America/Anchorage,3,99684,1840023501
Halibut Cove,Halibut Cove,AK,Alaska,2122,Kenai Peninsula,59.5744,-151.2296,211,9.8,shape,False,False,America/Anchorage,3,99603,1840023645
Chisana,Chisana,AK,Alaska,2066,Copper River,62.0946,-142.034,0,0.0,shape,False,False,America/Anchorage,3,99566,1840023392
Birmingham,Birmingham,AL,Alabama,1073,Jefferson,33.5279,-86.7971,782111,526.4,shape,False,True,America/Chicago,2,35218 35214 35215 35217 35210 35211 35212 35213 35224 35221 35222 35203 35207 35206 35205 35204 35209 35208 35094 35254 35068 35061 35228 35234 35235 35233 35243 35242 35249 35201 35202 35220 35232 35237 35238 35246 35255 35259 35261 35270 35282 35283 35285 35287 35290 35291 35292 35294 35295 35298,1840006507
Huntsville,Huntsville,AL,Alabama,1089,Madison,34.6981,-86.6412,349482,376.2,shape,False,True,America/Chicago,2,35801 35803 35802 35805 35806 35741 35824 35763 35757 35756 35810 35811 35816 35896 35742 35762 35804 35807 35809 35814 35815 35893 35894 35895 35897 35899,1840005061
Montgomery,Montgomery,AL,Alabama,1101,Montgomery,32.3482,-86.2668,251158,482.6,shape,False,True,America/Chicago,2,36112 36113 36110 36111 36116 36114 36115 36109 36130 36117 36101 36105 36104 36107 36106 36057 36108 36118 36120 36121 36123 36124 36125 36131 36132 36135 36140 36141 36142 36177 36191,1840008353
Florence,Florence,AL,Alabama,1077,Lauderdale,34.8303,-87.6655,81268,593.8,shape,False,True,America/Chicago,3,35632 35633 35630 35631,1840002083
Alabaster,Alabaster,AL,Alabama,1117,Shelby,33.2198,-86.8225,33417,492.4,shape,False,True,America/Chicago,3,35114 35007 35144,1840013756
Cullman,Cullman,AL,Alabama,1043,Cullman,34.1775,-86.8407,18434,314.7,shape,False,True,America/Chicago,3,35058 35057 35055 35056,1840001354
Fultondale,Fultondale,AL,Alabama,1073,Jefferson,33.6174,-86.8014,9756,310.4,shape,False,True,America/Chicago,3,35217 35119 35068,1840002481
Loxley,Loxley,AL,Alabama,1003,Baldwin,30.6812,-87.7416,3757,45.5,shape,False,True,America/Chicago,3,36551 36578,1840017123
Ardmore,Ardmore,AL,Alabama,1083,Limestone,34.9847,-86.8373,1304,246.5,shape,False,True,America/Chicago,3,35739,1840015515
Catherine,Catherine,AL,Alabama,1131,Wilcox,32.186,-87.4699,0,5.1,shape,False,False,America/Chicago,3,36728,1840025923
Little Rock,Little Rock,AR,Arkansas,5119,Pulaski,34.7256,-92.3577,459409,649.4,shape,False,True,America/Chicago,2,72211 72210 72212 72223 72227 72209 72202 72201 72206 72207 72204 72205 72103 72215 72217 72219 72222 72225 72231 72255 72260 72295,1840015509
Fayetteville,Fayetteville,AR,Arkansas,5143,Washington,36.0714,-94.1661,394650,672.8,shape,False,True,America/Chicago,2,72704 72703 72701 72702,1840013368
Springdale,Springdale,AR,Arkansas,5143,Washington,36.1901,-94.1574,86705,672.6,shape,False,True,America/Chicago,3,72764 72762 72765 72766,1840015336
North Little Rock,North Little Rock,AR,Arkansas,5119,Pulaski,34.7807,-92.2371,64454,469.2,shape,False,True,America/Chicago,3,72113 72116 72114 72118 72117 72115 72124 72190 72214,1840014632
Jacksonville,Jacksonville,AR,Arkansas,5119,Pulaski,34.8807,-92.1304,29332,395.3,shape,False,True,America/Chicago,3,72099 72076 72078,1840014633
Magnolia,Magnolia,AR,Arkansas,5027,Columbia,33.2775,-93.2261,11044,322.3,shape,False,True,America/Chicago,3,71753 71754,1840015726
Crossett,Crossett,AR,Arkansas,5003,Ashley,33.128,-91.9631,4805,259.1,shape,False,True,America/Chicago,3,71635,1840014838
Cave City,Cave City,AR,Arkansas,5135,Sharp,35.9481,-91.5468,2038,307.7,shape,False,True,America/Chicago,3,72521,1840014445
Huttig,Huttig,AR,Arkansas,5139,Union,33.0418,-92.1818,508,65.8,shape,False,True,America/Chicago,3,71747,1840014843
Ozone,Ozone,AR,Arkansas,5071,Johnson,35.6352,-93.445,0,8.4,shape,False,False,America/Chicago,3,72854 72830,1840027839
Phoenix,Phoenix,AZ,Arizona,4013,Maricopa,33.5722,-112.0892,4064275,1198.9,shape,False,True,America/Phoenix,1,85009 85003 85006 85007 85004 85083 85086 85087 85085 85331 85033 85306 85308 85020 85021 85022 85023 85024 85026 85027 85028 85029 85353 85019 85018 85013 85012 85015 85014 85016 85254 85008 85044 85045 85042 85043 85040 85041 85048 85037 85035 85034 85032 85031 85017 85304 85307 85266 85310 85054 85051 85050 85053 85001 85002 85005 85010 85011 85030 85036 85038 85046 85060 85061 85062 85063 85064 85066 85067 85068 85069 85070 85071 85072 85074 85076 85078 85079 85080 85082,1840020568
Mesa,Mesa,AZ,Arizona,4013,Maricopa,33.4015,-111.7178,503390,1379.8,shape,False,True,America/Phoenix,2,85208 85209 85201 85202 85203 85204 85205 85206 85207 85215 85213 85212 85210 85211 85214 85216 85274 85275 85277,1840020566
Scottsdale,Scottsdale,AZ,Arizona,4013,Maricopa,33.6872,-111.8651,240537,504.7,shape,False,True,America/Phoenix,2,85259 85258 85251 85250 85257 85255 85254 85266 85262 85260 85252 85261 85267 85271,1840021940
Prescott Valley,Prescott Valley,AZ,Arizona,4025,Yavapai,34.598,-112.3185,93923,448.6,shape,False,True,America/Phoenix,3,86327 86315 86314 86312,1840021772
Sun City,Sun City,AZ,Arizona,4013,Maricopa,33.6165,-112.2819,37748,1010.7,shape,False,False,America/Phoenix,3,85373 85351 85372,1840019311
Tucson Estates,Tucson Estates,AZ,Arizona,4019,Pima,32.1792,-111.1266,12795,388.2,shape,False,False,America/Phoenix,3,85713 85735,1840027929
St. Johns,St. Johns,AZ,Arizona,4001,Apache,34.5018,-109.3784,3419,51.0,shape,False,True,America/Phoenix,3,85936,1840021622
Golden Shores,Golden Shores,AZ,Arizona,4015,Mohave,34.7819,-114.4777,772,36.6,shape,False,True,America/Phoenix,4,86436,1840075379
Kohatk,Kohatk,AZ,Arizona,4021,Pinal,32.5781,-112.0032,0,77.3,shape,False,False,America/Phoenix,3,85634,1840022983
Los Angeles,Los Angeles,CA,California,6037,Los Angeles,34.1141,-118.4068,11922389,3184.7,shape,False,True,America/Los_Angeles,1,91367 90291 90293 90292 91316 91311 90035 90034 90037 90031 90039 90008 90004 90005 90006 90007 90001 90002 90003 91504 91040 90710 90089 91307 91344 91345 91340 91342 91343 90036 90247 91411 91436 91371 91608 91605 91604 91607 91606 91601 91602 90402 90068 90069 90062 90063 90061 90066 90067 90064 90065 90248 91326 91324 91325 90013 90012 90011 90010 90017 90016 90015 90014 91364 90028 90095 90094 91042 91352 91356 91406 91402 90041 90042 90043 90044 90045 90046 90047 90048 90049 90019 90018 91423 90210 91303 91304 91306 90079 90071 90077 90059 91331 91330 91335 90026 90027 90024 90025 90023 90020 90021 90029 90272 90732 90731 90230 91405 91403 91401 90033 90032 90038 90057 90052 90058 90744 90501 90502 90009 90030 90050 90051 90053 90054 90055 90060 90070 90072 90074 90075 90076 90078 90080 90081 90082 90083 90084 90086 90087 90088 90093 90099 90134 90140 90189 90213 90294 90295 90733 90734 90748 91041 91043 91305 91308 91309 91313 91327 91328 91333 91334 91337 91346 91353 91357 91365 91392 91393 91394 91395 91396 91404 91407 91408 91409 91410 91412 91413 91416 91426 91470 91482 91499 91603 91609 91610 91614 91615 91616 91617 91618,1840020491
San Francisco,San Francisco,CA,California,6075,San Francisco,37.7558,-122.4449,3364979,7030.7,shape,False,True,America/Los_Angeles,1,94130 94131 94132 94133 94134 94103 94102 94105 94104 94188 94158 94124 94123 94122 94121 94129 94118 94108 94107 94112 94110 94116 94117 94114 94115 94111 94109 94127 94119 94120 94125 94137 94139 94140 94141 94142 94143 94144 94145 94146 94147 94151 94159 94160 94161 94163 94164 94172 94177,1840021543
Sacramento,Sacramento,CA,California,6067,Sacramento,38.5677,-121.4685,1957738,2049.4,shape,False,True,America/Los_Angeles,1,95821 95820 95823 95838 95832 95833 95831 95834 95835 95811 95814 95815 95818 95819 95828 95822 95825 95824 95826 95816 95817 94203 94204 94205 94209 94229 94230 94232 94235 94236 94237 94239 94240 94244 94247 94248 94249 94250 94252 94254 94256 94257 94258 94259 94261 94262 94263 94267 94268 94269 94271 94273 94274 94277 94278 94279 94280 94283 94284 94285 94287 94288 94289 94290 94293 94294 94295 94296 94297 94298 94299 95812 95813 95840 95851 95852 95853 95867 95894,1840021491
Long Beach,Long Beach,CA,California,6037,Los Angeles,33.7977,-118.167,462293,3522.5,shape,False,True,America/Los_Angeles,2,90822 90804 90805 90806 90807 90802 90803 90808 90831 90814 90813 90810 90815 90840 90801 90809 90832 90833 90842 90844 90846 90847 90848 90853,1840020490
San Bernardino,San Bernardino,CA,California,6071,San Bernardino,34.1416,-117.2943,221041,1373.7,shape,False,True,America/Los_Angeles,2,92404 92369 92401 92407 92405 92408 92411 92410 92415 92346 92403 92406 92413 92418 92423 92427,1840021728
Simi Valley,Simi Valley,CA,California,6111,Ventura,34.2663,-118.749,127568,1172.4,shape,False,True,America/Los_Angeles,2,93063 93065 93062 93094 93099,1840021843
Redondo Beach,Redondo Beach,CA,California,6037,Los Angeles,33.8577,-118.3765,70620,4399.5,shape,False,True,America/Los_Angeles,2,90278 90277,1840020509
Bay Point,Bay Point,CA,California,6013,Contra Costa,38.0329,-121.9615,24407,1466.4,shape,False,False,America/Los_Angeles,3,94565,1840028316
Bystrom,Bystrom,CA,California,6099,Stanislaus,37.6198,-120.9813,3941,2797.6,shape,False,False,America/Los_Angeles,2,95351,1840028337
McGee Creek,McGee Creek,CA,California,6051,Mono,37.5727,-118.791,0,0.1,shape,False,True,America/Los_Angeles,5,93546,1840075938
Denver,Denver,CO,Colorado,8031,Denver,39.762,-104.8758,2687458,1792.9,shape,False,True,America/Denver,1,80264 80266 80230 80231 80236 80237 80235 80238 80239 80123 80249 80247 80246 80290 80293 80294 80218 80210 80212 80216 80221 80220 80223 80222 80224 80227 80219 80211 80209 80207 80206 80205 80204 80202 80203 80208 80217 80243 80248 80250 80256 80257 80259 80261 80265 80271 80273 80274 80281 80291 80299,1840018789
Aurora,Aurora,CO,Colorado,8005,Arapahoe,39.7083,-104.7237,387349,920.3,shape,False,True,America/Denver,2,80247 80137 80045 80018 80019 80016 80014 80015 80012 80013 80010 80017 80011 80040 80041 80042 80044 80046 80047,1840018794
Greeley,Greeley,CO,Colorado,8123,Weld,40.4152,-104.7706,140984,843.2,shape,False,True,America/Denver,2,80631 80634 80632 80633 80638 80639,1840020149
Highlands Ranch,Highlands Ranch,CO,Colorado,8035,Douglas,39.5419,-104.9708,101514,1615.0,shape,False,False,America/Denver,2,80129 80126 80130 80163,1840028579
Ken Caryl,Ken Caryl,CO,Colorado,8059,Jefferson,39.577,-105.1144,33505,1315.6,shape,False,False,America/Denver,3,80128 80127 80123 80162,1840028580
Wellington,Wellington,CO,Colorado,8069,Larimer,40.7,-105.0054,11163,1187.4,shape,False,True,America/Denver,3,80549,1840022411
Vail,Vail,CO,Colorado,8037,Eagle,39.6385,-106.3613,4833,396.6,shape,False,True,America/Denver,3,81657,1840022434
Dillon,Dillon,CO,Colorado,8117,Summit,39.6213,-106.0393,831,216.0,shape,False,True,America/Denver,3,80435,1840021429
Wolcott,Wolcott,CO,Colorado,8037,Eagle,39.7035,-106.6799,0,11.7,shape,False,False,America/Denver,3,81655,1840024366
Hartford,Hartford,CT,Connecticut,9110,Capitol,41.7661,-72.6834,974684,2689.4,shape,False,True,America/New_York,2,06106 06105 06103 06120 06112 06114 06101 06102 06104 06115 06123 06126 06127 06132 06133 06134 06140 06141 06142 06143 06144 06145 06146 06147 06150 06151 06152 06154 06160 06167 06176 06183,1840004773
New Haven,New Haven,CT,Connecticut,9170,South Central Connecticut,41.3113,-72.9246,565572,2804.1,shape,False,True,America/New_York,2,06519 06511 06510 06513 06512 06515 06501 06502 06503 06505 06506 06507 06508 06509 06520 06521 06530 06531 06532 06533 06534 06535 06536 06540,1840004850
Danbury,Danbury,CT,Connecticut,9190,Western Connecticut,41.4015,-73.4709,180143,794.2,shape,False,True,America/New_York,2,06810 06811 06813,1840004837
Bristol,Bristol,CT,Connecticut,9140,Naugatuck Valley,41.6812,-72.9407,61052,892.9,shape,False,True,America/New_York,3,06010 06011,1840004772
New London,New London,CT,Connecticut,9180,Southeastern Connecticut,41.3502,-72.1022,27596,1900.4,shape,False,True,America/New_York,3,06320,1840004827
Glastonbury Center,Glastonbury Center,CT,Connecticut,9110,Capitol,41.7016,-72.6002,7959,620.4,shape,False,False,America/New_York,3,06033,1840000503
East Village,East Village,CT,Connecticut,9120,Greater Bridgeport,41.3612,-73.1845,4189,248.5,shape,False,False,America/New_York,3,06468 06491,1840044496
Chester Center,Chester Center,CT,Connecticut,9130,Lower Connecticut River Valley,41.4018,-72.4578,1729,249.5,shape,False,True,America/New_York,3,06412,1840073563
Kellogg Point,Kellogg Point,CT,Connecticut,9190,Western Connecticut,41.4681,-73.4597,0,356.9,shape,False,False,America/New_York,3,06812,1840151405
Washington,Washington,DC,District of Columbia,11001,District of Columbia,38.9047,-77.0163,5116378,4235.7,shape,False,True,America/New_York,1,20250 20010 20011 20012 20015 20520 20418 20415 20020 20024 20510 20515 20427 20422 20530 20542 20540 20240 20245 20204 20005 20004 20003 20002 20001 20009 20008 20317 20319 20390 20059 20057 20052 20388 20017 20018 20565 20566 20560 20591 20220 20064 20551 20230 20373 20260 20007 20006 20032 20036 20037 20431 20045 20408 20535 20016 20019 20013 20022 20026 20027 20029 20030 20033 20035 20038 20039 20040 20042 20043 20044 20047 20049 20050 20053 20055 20056 20058 20060 20061 20062 20063 20065 20066 20067 20068 20069 20070 20071 20073 20074 20075 20076 20077 20078 20080 20081 20082 20090 20091 20201 20202 20203 20206 20207 20208 20210 20211 20212 20213 20214 20215 20216 20217 20218 20219 20221 20222 20223 20224 20226 20227 20228 20229 20232 20233 20235 20237 20238 20239 20241 20242 20244 20251 20252 20254 20261 20262 20265 20266 20268 20270 20277 20289 20299 20301 20303 20306 20310 20314 20318 20330 20340 20350 20355 20370 20372 20374 20375 20376 20380 20389 20391 20392 20393 20394 20395 20398 20401 20402 20403 20404 20405 20406 20407 20410 20411 20412 20413 20414 20416 20417 20419 20420 20421 20423 20424 20425 20426 20428 20429 20433 20434 20435 20436 20437 20439 20440 20441 20442 20444 20447 20451 20453 20456 20460 20463 20468 20469 20470 20472 20500 20501 20502 20503 20504 20505 20506 20507 20508 20509 20511 20521 20522 20523 20524 20525 20526 20527 20528 20529 20531 20533 20534 20536 20537 20538 20539 20541 20543 20544 20546 20547 20548 20549 20552 20553 20554 20555 20557 20559 20570 20571 20572 20573 20575 20576 20577 20578 20579 20580 20581 20585 20586 20590 20593 20594 20597 20599 56901 56902 56904 56908 56915 56920 56933 56935 56944 56945 56950 56965 56967 56972 56998 56999,1840006060
Dover,Dover,DE,Delaware,10001,Kent,39.161,-75.5202,130186,634.2,shape,False,True,America/New_York,2,19902 19901 19904 19905 19906,1840005810
Wilmington,Wilmington,DE,Delaware,10003,New Castle,39.7415,-75.5416,71034,2517.3,shape,False,True,America/New_York,2,19802 19801 19806 19805 19809 19850 19880 19884 19885 19886 19890 19893 19894 19895 19896 19898 19899,1840005579
Middletown,Middletown,DE,Delaware,10003,New Castle,39.445,-75.7183,23573,726.8,shape,False,True,America/New_York,3,19709,1840005581
Glasgow,Glasgow,DE,Delaware,10003,New Castle,39.6015,-75.7473,15405,599.3,shape,False,False,America/New_York,3,19701 19702,1840005571
Pike Creek Valley,Pike Creek Valley,DE,Delaware,10003,New Castle,39.7294,-75.6989,11452,1540.4,shape,False,False,America/New_York,3,19808 19711,1840028614
Millsboro,Millsboro,DE,Delaware,10005,Sussex,38.5892,-75.3089,6876,519.6,shape,False,True,America/New_York,3,19966,1840006079
Lewes,Lewes,DE,Delaware,10005,Sussex,38.7776,-75.145,3339,307.5,shape,False,True,America/New_York,3,19958,1840006068
Rehoboth Beach,Rehoboth Beach,DE,Delaware,10005,Sussex,38.7172,-75.0845,1357,445.7,shape,False,True,America/New_York,3,19971,1840006070
Viola,Viola,DE,Delaware,10001,Kent,39.0429,-75.5715,81,234.2,shape,False,True,America/New_York,3,19979,1840003807
Miami,Miami,FL,Florida,12086,Miami-Dade,25.784,-80.2101,6080145,4758.9,shape,False,True,America/New_York,1,33128 33129 33125 33126 33127 33149 33144 33145 33142 33139 33138 33137 33136 33135 33134 33133 33132 33131 33130 33150 33101 33109 33111 33151 33192 33195 33222 33231 33233 33238 33255 33299,1840015149
Tampa,Tampa,FL,Florida,12057,Hillsborough,27.9945,-82.4447,2861173,1320.9,shape,False,True,America/New_York,1,33637 33629 33621 33620 33609 33604 33606 33602 33619 33616 33613 33617 33614 33610 33611 33612 33605 33607 33603 33647 33608 33622 33623 33630 33631 33633 33646 33650 33655 33664 33672 33673 33674 33677 33679 33681 33684 33686 33689,1840015982
Jacksonville,Jacksonville,FL,Florida,12031,Duval,30.3322,-81.6749,1288298,491.0,shape,False,True,America/New_York,1,32224 32225 32226 32227 32220 32221 32222 32223 32228 32219 32218 32214 32217 32216 32211 32210 32212 32246 32244 32233 32234 32202 32250 32254 32257 32256 32208 32209 32206 32207 32204 32205 32203 32258 32277 32099 32201 32229 32231 32232 32235 32236 32238 32239 32241 32245 32247 32255,1840015031
Kissimmee,Kissimmee,FL,Florida,12097,Osceola,28.3041,-81.4169,431618,1409.2,shape,False,True,America/New_York,2,34743 34746 34741 34744 34745,1840015109
Spring Hill,Spring Hill,FL,Florida,12053,Hernando,28.4798,-82.53,178833,753.2,shape,False,False,America/New_York,2,34608 34609 34604 34606 34611,1840014105
Melbourne,Melbourne,FL,Florida,12009,Brevard,28.1086,-80.6627,84982,743.1,shape,False,True,America/New_York,3,32934 32901 32903 32935 32904 32912 32919 32941,1840015960
Ormond Beach,Ormond Beach,FL,Florida,12127,Volusia,29.2985,-81.1014,43127,478.7,shape,False,True,America/New_York,3,32174 32176 32173 32175,1840015076
Naples,Naples,FL,Florida,12021,Collier,26.1504,-81.7936,19315,606.2,shape,False,True,America/New_York,3,34103 34102 34101 34105 34104 34106,1840015131
Starke,Starke,FL,Florida,12007,Bradford,29.9474,-82.1129,5756,309.6,shape,False,True,America/New_York,3,32091 32042,1840015940
Plantation Island,Plantation Island,FL,Florida,12021,Collier,25.8475,-81.3757,0,83.0,shape,False,False,America/New_York,3,34139,1840028759
Atlanta,Atlanta,GA,Georgia,13121,Fulton,33.7628,-84.422,5180179,1412.3,shape,False,True,America/New_York,1,30334 30331 30332 30309 30308 30354 30327 30322 30326 30324 30319 30342 30305 30307 30306 30316 30317 30314 30315 30312 30313 30310 30311 30303 30363 30318 30301 30302 30304 30321 30325 30333 30343 30348 30353 30355 30357 30361 30368 30369 30370 30371 30375 30377 30392 30394 30398 31106 31107 31126 31139 31141 31193 31196,1840013660
Augusta,Augusta,GA,Georgia,13245,Richmond,33.3645,-82.0708,437257,257.5,shape,False,True,America/New_York,2,30912 30815 30812 30907 30906 30904 30905 30901 30909 30805 30903 30914 30916 30917 30919 30999,1840029462
Columbus,Columbus,GA,Georgia,13215,Muscogee,32.51,-84.8771,264282,364.8,shape,False,True,America/New_York,2,31820 31829 31909 31904 31905 31906 31907 31901 31903 31808 31902 31908 31914 31917 31993 31995 31997 31998 31999,1840014887
Athens,Athens,GA,Georgia,13059,Clarke,33.9508,-83.3689,143173,420.0,shape,False,True,America/New_York,2,30602 30622 30601 30605 30606 30607 30609 30683 30603 30608 30612,1840029463
Marietta,Marietta,GA,Georgia,13067,Cobb,33.9533,-84.5422,61387,1009.5,shape,False,True,America/New_York,3,30090 30060 30062 30064 30067 30008 30006 30007,1840015633
Kennesaw,Kennesaw,GA,Georgia,13067,Cobb,34.026,-84.6177,33360,1318.8,shape,False,True,America/New_York,3,30144 30152,1840014756
Fairburn,Fairburn,GA,Georgia,13121,Fulton,33.5496,-84.5914,16469,376.1,shape,False,True,America/New_York,3,30268 30213,1840013662
Sylvester,Sylvester,GA,Georgia,13321,Worth,31.53,-83.8338,5622,330.5,shape,False,True,America/New_York,3,31791,1840015855
Brooklet,Brooklet,GA,Georgia,13031,Bulloch,32.3897,-81.6668,1528,179.1,shape,False,True,America/New_York,3,30415,1840013821
Howard,Howard,GA,Georgia,13269,Taylor,32.5982,-84.3786,0,24.5,shape,False,False,America/New_York,3,31039 31812,1840025898
Honolulu,Honolulu,HI,Hawaii,15003,Honolulu,21.3294,-157.846,348547,2219.9,shape,False,True,Pacific/Honolulu,2,96859 96858 96850 96819 96820 96822 96826 96813 96815 96814 96817 96816 96818 96848 96801 96802 96803 96804 96805 96806 96807 96808 96809 96810 96811 96812 96823 96828 96830 96836 96837 96838 96839 96840 96841 96843 96844 96846 96847 96849 96898,1840013305
East Honolulu,East Honolulu,HI,Hawaii,15003,Honolulu,21.2975,-157.7211,49491,830.6,shape,False,True,Pacific/Honolulu,3,96821 96825 96824,1840039181
Pearl City,Pearl City,HI,Hawaii,15003,Honolulu,21.4031,-157.9566,46812,1981.8,shape,False,False,Pacific/Honolulu,3,96782 96701,1840023251
Kahului,Kahului,HI,Hawaii,15009,Maui,20.8715,-156.4603,27233,730.9,shape,False,False,Pacific/Honolulu,3,96732 96733,1840023232
Wahiawa,Wahiawa,HI,Hawaii,15003,Honolulu,21.5012,-158.0178,17400,2934.7,shape,False,False,Pacific/Honolulu,2,96786,1840029550
Waihee-Waiehu,Waihee-Waiehu,HI,Hawaii,15009,Maui,20.9188,-156.5063,11029,998.7,shape,False,True,Pacific/Honolulu,3,96793,1840037549
Laie,Laie,HI,Hawaii,15003,Honolulu,21.6442,-157.9279,5411,1560.4,shape,False,False,Pacific/Honolulu,3,96762,1840029514
Hanapepe,Hanapepe,HI,Hawaii,15007,Kauai,21.9141,-159.5874,2242,926.6,shape,False,False,Pacific/Honolulu,3,96716,1840029478
Manele,Manele,HI,Hawaii,15009,Maui,20.7419,-156.9012,44,13.9,shape,False,True,Pacific/Honolulu,4,96763,1840039207
Des Moines,Des Moines,IA,Iowa,19153,Polk,41.5725,-93.6105,548926,933.4,shape,False,True,America/Chicago,2,50309 50312 50314 50315 50316 50317 50310 50313 50319 50321 50320 50311 50301 50302 50303 50304 50305 50306 50307 50308 50318 50328 50329 50330 50331 50332 50335 50340 50380 50381 50391 50392 50393 50394 50395 50396 50936 50940 50947 50950 50980 50981 50982 50983,1840007069
Davenport,Davenport,IA,Iowa,19163,Scott,41.5565,-90.6053,281333,614.0,shape,False,True,America/Chicago,2,52802 52803 52801 52806 52807 52804 52805 52808 52809,1840007081
Iowa City,Iowa City,IA,Iowa,19103,Johnson,41.6559,-91.5303,130736,1127.0,shape,False,True,America/Chicago,2,52245 52246 52240 52242 52243 52244,1840000532
Ames,Ames,IA,Iowa,19169,Story,42.0256,-93.6217,66729,918.7,shape,False,True,America/Chicago,3,50014 50013 50012 50010 50011,1840007019
Clinton,Clinton,IA,Iowa,19045,Clinton,41.8435,-90.2412,24524,266.0,shape,False,True,America/Chicago,3,52732 52733 52734 52736,1840000507
Denison,Denison,IA,Iowa,19047,Crawford,42.0162,-95.3528,8316,490.4,shape,False,True,America/Chicago,3,51442,1840007008
Carlisle,Carlisle,IA,Iowa,19153,Polk,41.5118,-93.495,4116,281.2,shape,False,True,America/Chicago,3,50047,1840007104
Van Meter,Van Meter,IA,Iowa,19049,Dallas,41.5192,-93.9426,1468,229.6,shape,False,True,America/Chicago,3,50261,1840010180
Richland,Richland,IA,Iowa,19107,Keokuk,41.1855,-91.9936,497,185.5,shape,False,True,America/Chicago,3,52585,1840009287
Sexton,Sexton,IA,Iowa,19109,Kossuth,43.0749,-94.0892,0,1.3,shape,False,False,America/Chicago,3,50511,1840024035
Boise,Boise,ID,Idaho,16001,Ada,43.6005,-116.2308,449776,1072.4,shape,False,True,America/Boise,2,83703 83702 83706 83705 83704 83709 83712 83716 83713 83725 83720 83701 83708 83715 83717 83722 83724 83728 83729 83735 83756 83799,1840027142
Coeur d'Alene,Coeur d'Alene,ID,Idaho,16055,Kootenai,47.704,-116.7936,134503,1309.1,shape,False,True,America/Los_Angeles,2,83815 83814 83816,1840018402
Pocatello,Pocatello,ID,Idaho,16005,Bannock,42.8724,-112.4647,74284,654.8,shape,False,True,America/Boise,3,83209 83204 83201 83205 83206,1840013376
Lewiston,Lewiston,ID,Idaho,16069,Nez Perce,46.3934,-116.9933,34270,763.8,shape,False,True,America/Los_Angeles,3,83501,1840019897
Blackfoot,Blackfoot,ID,Idaho,16011,Bingham,43.194,-112.3454,12349,804.9,shape,False,True,America/Boise,3,83221,1840018650
American Falls,American Falls,ID,Idaho,16077,Power,42.7828,-112.8541,4573,1094.2,shape,False,True,America/Boise,3,83211,1840018666
Parma,Parma,ID,Idaho,16027,Canyon,43.7864,-116.9429,1937,692.0,shape,False,True,America/Boise,3,83660,1840020043
Council,Council,ID,Idaho,16003,Adams,44.7328,-116.4376,655,239.8,shape,False,True,America/Boise,3,83612,1840018584
Warm River,Warm River,ID,Idaho,16043,Fremont,44.1188,-111.32,0,2.6,shape,False,True,America/Boise,3,83420,1840021257
Chicago,Chicago,IL,Illinois,17031,Cook,41.8375,-87.6866,8497759,4614.5,shape,False,True,America/Chicago,1,60018 60649 60641 60640 60643 60642 60645 60644 60647 60646 60616 60617 60614 60615 60612 60613 60610 60611 60618 60619 60631 60827 60661 60660 60638 60639 60634 60636 60637 60630 60632 60633 60605 60604 60607 60606 60601 60603 60602 60609 60608 60106 60659 60652 60653 60656 60657 60654 60655 60651 60623 60622 60621 60620 60626 60625 60624 60629 60628 60707 60499 60664 60666 60668 60669 60670 60673 60674 60675 60677 60678 60680 60681 60684 60685 60686 60687 60688 60689 60690 60694 60695 60696 60699,1840000494
Rockford,Rockford,IL,Illinois,17201,Winnebago,42.2596,-89.064,273237,881.3,shape,False,True,America/Chicago,2,61101 61114 61109 61108 61104 61107 61103 61102 61105 61106 61110 61125 61126,1840009132
Aurora,Aurora,IL,Illinois,17089,Kane,41.7638,-88.2902,181405,1555.1,shape,False,True,America/Chicago,2,60505 60506 60504 60502 60503 60519 60507 60568 60569 60572 60598 60599,1840007034
Elgin,Elgin,IL,Illinois,17089,Kane,42.0383,-88.324,114190,1159.4,shape,False,True,America/Chicago,2,60120 60123 60124 60121 60122,1840008134
Oak Lawn,Oak Lawn,IL,Illinois,17031,Cook,41.7139,-87.7528,57665,2597.7,shape,False,True,America/Chicago,2,60453,1840011306
Oswego,Oswego,IL,Illinois,17093,Kendall,41.6834,-88.3372,34810,884.2,shape,False,True,America/Chicago,3,60543,1840011508
Brookfield,Brookfield,IL,Illinois,17031,Cook,41.8245,-87.847,19349,2438.5,shape,False,True,America/Chicago,2,60513,1840010142
Mendota,Mendota,IL,Illinois,17099,LaSalle,41.5553,-89.1041,6961,531.6,shape,False,True,America/Chicago,3,61342,1840008199
Third Lake,Third Lake,IL,Illinois,17097,Lake,42.3709,-88.0122,1214,796.9,shape,False,True,America/Chicago,3,60030 60046,1840011179
Big Foot Prairie,Big Foot Prairie,IL,Illinois,17111,McHenry,42.4915,-88.6007,0,23.6,shape,False,False,America/Chicago,3,60033,1840150608
Indianapolis,Indianapolis,IN,Indiana,18097,Marion,39.7771,-86.1458,1729849,941.8,shape,False,True,America/Indiana/Indianapolis,1,46234 46237 46218 46219 46217 46214 46260 46268 46226 46225 46183 46231 46235 46236 46239 46254 46250 46208 46201 46203 46202 46205 46204 46206 46256 46259 46227 46224 46222 46221 46220 46229 46228 46113 46278 46241 46240 46207 46209 46230 46242 46244 46247 46251 46253 46255 46262 46277 46282 46283 46285 46288 46298,1840030084
Fort Wayne,Fort Wayne,IN,Indiana,18003,Allen,41.0888,-85.1436,337163,923.0,shape,False,True,America/Indiana/Indianapolis,2,46835 46818 46814 46815 46816 46825 46845 46803 46802 46807 46806 46805 46804 46809 46808 46801 46850 46851 46852 46853 46854 46855 46856 46857 46858 46859 46860 46861 46862 46863 46864 46865 46866 46867 46868 46869 46885 46895 46897,1840008261
Evansville,Evansville,IN,Indiana,18163,Vanderburgh,37.9881,-87.5341,203661,953.2,shape,False,True,America/Chicago,2,47714 47715 47710 47711 47713 47708 47701 47702 47703 47704 47705 47706 47716 47719 47722 47724 47728 47730 47731 47732 47733 47734 47735 47736 47737 47740 47747 47750,1840013730
Fishers,Fishers,IN,Indiana,18057,Hamilton,39.9588,-85.9659,99041,1063.0,shape,False,True,America/Indiana/Indianapolis,3,46038 46040 46256 46037 46085,1840010496
Jeffersonville,Jeffersonville,IN,Indiana,18019,Clark,38.3376,-85.7026,49771,563.9,shape,False,True,America/Kentucky/Louisville,3,47130 47131 47132 47133 47134 47144 47190 47199,1840008642
Clarksville,Clarksville,IN,Indiana,18019,Clark,38.322,-85.7673,22087,849.4,shape,False,True,America/Kentucky/Louisville,3,47129 47172,1840009665
Scottsburg,Scottsburg,IN,Indiana,18143,Scott,38.6853,-85.7831,7313,509.7,shape,False,True,America/Indiana/Indianapolis,3,47170,1840009788
Rockport,Rockport,IN,Indiana,18147,Spencer,37.8895,-87.0542,2183,508.4,shape,False,True,America/Chicago,3,47635,1840009848
Mecca,Mecca,IN,Indiana,18121,Parke,39.7271,-87.3315,644,633.0,shape,False,True,America/Indiana/Indianapolis,3,47860 47872,1840009523
Velpen,Velpen,IN,Indiana,18125,Pike,38.3553,-87.1019,0,124.8,point,False,False,America/Indiana/Petersburg,4,47590,1840055805
Wichita,Wichita,KS,Kansas,20173,Sedgwick,37.6895,-97.3443,509003,938.6,shape,False,True,America/Chicago,2,67230 67235 67260 67217 67216 67215 67214 67213 67212 67211 67210 67219 67218 67223 67220 67226 67202 67203 67204 67205 67206 67207 67208 67209 67201 67275 67276 67277 67278,1840001686
Overland Park,Overland Park,KS,Kansas,20091,Johnson,38.887,-94.687,196676,1009.4,shape,False,True,America/Chicago,2,66214 66210 66211 66212 66213 66221 66223 66209 66202 66207 66204 66013 66251 66085 66224 66201 66225 66276 66282 66283,1840003834
Topeka,Topeka,KS,Kansas,20177,Shawnee,39.0346,-95.6955,148185,792.2,shape,False,True,America/Chicago,2,66621 66622 66609 66608 66607 66606 66605 66604 66603 66619 66611 66612 66614 66616 66601 66624 66625 66626 66629 66636 66647 66667 66675 66683 66699,1840001621
Manhattan,Manhattan,KS,Kansas,20161,Riley,39.1886,-96.6048,54287,1048.6,shape,False,True,America/Chicago,3,66506 66502 66503 66505,1840001589
Gardner,Gardner,KS,Kansas,20091,Johnson,38.8122,-94.9275,23488,742.4,shape,False,True,America/Chicago,3,66030,1840001636
Coffeyville,Coffeyville,KS,Kansas,20125,Montgomery,37.0519,-95.618,8842,360.5,shape,False,True,America/Chicago,3,67337,1840001707
Marysville,Marysville,KS,Kansas,20117,Marshall,39.8432,-96.6387,3414,288.9,shape,False,True,America/Chicago,3,66508,1840003768
Lyndon,Lyndon,KS,Kansas,20139,Osage,38.612,-95.6844,1276,552.2,shape,False,True,America/Chicago,3,66451,1840009776
Uniontown,Uniontown,KS,Kansas,20011,Bourbon,37.8471,-94.9755,356,270.6,shape,False,True,America/Chicago,3,66779,1840010845
Kickapoo Site 6,Kickapoo Site 6,KS,Kansas,20013,Brown,39.6917,-95.6905,0,8.0,shape,False,True,America/Chicago,5,66527,1840039307
Louisville,Louisville,KY,Kentucky,21111,Jefferson,38.1663,-85.6485,963812,923.1,shape,False,True,America/New_York,2,40245 40242 40241 40218 40219 40214 40216 40211 40213 40059 40291 40299 40220 40223 40222 40229 40228 40023 40272 40207 40209 40258 40118 40018 40027 40225 40261 40268 40269 40281,1840030815
Lexington,Lexington,KY,Kentucky,21067,Fayette,38.0423,-84.4587,321276,437.0,shape,False,True,America/New_York,2,40526 40509 40504 40502 40503 40508 40505 40507 40517 40536 40513 40511 40510 40516 40515 40514 40506 40512 40522 40523 40524 40533 40544 40546 40550 40555 40574 40575 40576 40577 40578 40579 40580 40581 40582 40583 40588 40591 40598,1840015211
Elizabethtown,Elizabethtown,KY,Kentucky,21093,Hardin,37.7031,-85.8773,77770,439.5,shape,False,True,America/New_York,3,42701 42702,1840013218
Richmond,Richmond,KY,Kentucky,21151,Madison,37.7307,-84.2925,34883,639.3,shape,False,True,America/New_York,3,40475 40476,1840014341
Paducah,Paducah,KY,Kentucky,21145,McCracken,37.0711,-88.644,26869,510.5,shape,False,True,America/Chicago,3,42003 42001 42002,1840014388
Shepherdsville,Shepherdsville,KY,Kentucky,21029,Bullitt,37.9813,-85.7007,14136,345.1,shape,False,True,America/New_York,3,40165 40166,1840015214
Taylor Mill,Taylor Mill,KY,Kentucky,21117,Kenton,39.0092,-84.4988,6851,432.7,shape,False,True,America/New_York,3,41015,1840015175
Cave City,Cave City,KY,Kentucky,21009,Barren,37.14,-85.9646,2707,237.0,shape,False,True,America/Chicago,3,42127,1840014394
Blue Ridge Manor,Blue Ridge Manor,KY,Kentucky,21111,Jefferson,38.2434,-85.5647,854,2467.7,shape,False,True,America/New_York,2,40223,1840013209
South Park View,South Park View,KY,Kentucky,21111,Jefferson,38.1184,-85.7201,0,25.4,shape,False,True,America/New_York,3,40219,1840030584
New Orleans,New Orleans,LA,Louisiana,22071,Orleans,30.0687,-89.9288,932759,866.5,shape,False,True,America/Chicago,2,70139 70130 70131 70148 70114 70115 70116 70117 70112 70113 70118 70119 70129 70128 70125 70124 70127 70126 70122 70163 70142 70145 70146 70150 70151 70152 70153 70154 70156 70157 70158 70159 70160 70161 70162 70164 70165 70166 70167 70170 70172 70174 70175 70176 70177 70178 70179 70181 70182 70184 70185 70186 70187 70189 70190 70195,1840001839
Shreveport,Shreveport,LA,Louisiana,22017,Caddo,32.4653,-93.7955,283536,664.7,shape,False,True,America/Chicago,2,71129 71101 71103 71104 71105 71106 71107 71108 71109 71119 71118 71102 71120 71130 71133 71134 71135 71136 71138 71148 71149 71151 71152 71153 71154 71156 71161 71162 71163 71164 71165 71166,1840015768
Metairie,Metairie,LA,Louisiana,22051,Jefferson,29.9977,-90.178,140046,2334.8,shape,False,False,America/Chicago,2,70002 70003 70001 70006 70005 70004 70009 70010 70011 70033 70055,1840013994
Prairieville,Prairieville,LA,Louisiana,22005,Ascension,30.3151,-90.9571,34215,600.5,shape,False,False,America/Chicago,3,70769,1840026029
Youngsville,Youngsville,LA,Louisiana,22055,Lafayette,30.0963,-91.9968,15990,492.0,shape,False,True,America/Chicago,3,70592,1840015931
Bastrop,Bastrop,LA,Louisiana,22067,Morehouse,32.7748,-91.9078,9623,434.1,shape,False,True,America/Chicago,3,71220 71221,1840013793
Eastwood,Eastwood,LA,Louisiana,22015,Bossier,32.5607,-93.5625,4229,257.2,shape,False,False,America/Chicago,3,71037 71067,1840013100
Boyce,Boyce,LA,Louisiana,22079,Rapides,31.3907,-92.67,1324,1112.2,shape,False,True,America/Chicago,3,71409,1840015869
Sugartown,Sugartown,LA,Louisiana,22011,Beauregard,30.8401,-93.0124,0,17.8,shape,False,False,America/Chicago,3,70634 70662,1840026000
Boston,Boston,MA,Massachusetts,25025,Suffolk,42.3188,-71.0852,4328315,5319.0,shape,False,True,America/New_York,1,02120 02121 02122 02124 02125 02126 02127 02128 02129 02210 02215 02467 02119 02118 02111 02110 02113 02115 02114 02116 02199 02134 02136 02135 02133 02132 02131 02130 02203 02205 02163 02108 02109 02112 02117 02123 02137 02196 02201 02206 02211 02212 02217 02222 02241 02283 02284 02293 02297 02298,1840000455
Worcester,Worcester,MA,Massachusetts,25027,Worcester,42.2705,-71.8079,486486,2110.2,shape,False,True,America/New_York,2,01608 01610 01609 01602 01603 01604 01605 01606 01607 01601 01613 01614 01615 01653 01655,1840000434
Cambridge,Cambridge,MA,Massachusetts,25017,Middlesex,42.3759,-71.1185,117962,7119.9,shape,False,True,America/New_York,2,02142 02140 02141 02139 02138 02238 02477,1840000429
Brockton,Brockton,MA,Massachusetts,25023,Plymouth,42.0821,-71.0242,104713,1895.2,shape,False,True,America/New_York,2,02301 02302 02303 02304 02305,1840000467
Somerville,Somerville,MA,Massachusetts,25017,Middlesex,42.3908,-71.1014,80464,7534.5,shape,False,True,America/New_York,2,02144 02145 02143,1840003123
Everett,Everett,MA,Massachusetts,25017,Middlesex,42.4064,-71.0545,48685,5502.5,shape,False,True,America/New_York,2,02149,1840000425
South Yarmouth,South Yarmouth,MA,Massachusetts,25001,Barnstable,41.6692,-70.2005,11805,655.3,shape,False,False,America/New_York,3,02673 02664,1840004766
South Dennis,South Dennis,MA,Massachusetts,25001,Barnstable,41.7051,-70.1537,3101,263.1,shape,False,False,America/New_York,3,02660,1840004765
Popponesset Island,Popponesset Island,MA,Massachusetts,25001,Barnstable,41.5855,-70.4591,70,172.7,shape,False,False,America/New_York,3,02649,1840031249
Baltimore,Baltimore,MD,Maryland,24510,Baltimore,39.3051,-76.6144,2196524,2788.2,shape,False,True,America/New_York,1,21218 21211 21210 21213 21212 21215 21214 21217 21216 21233 21231 21230 21239 21251 21209 21202 21206 21207 21205 21287 21223 21226 21201 21224 21225 21229 21203 21263 21264 21270 21273 21275 21278 21279 21281 21290 21297 21298,1840001592
Hagerstown,Hagerstown,MD,Maryland,24043,Washington,39.6401,-77.7217,195261,1334.0,shape,False,True,America/New_York,2,21742 21740 21741 21747 21749,1840005613
Waldorf,Waldorf,MD,Maryland,24017,Charles,38.6085,-76.9194,122310,863.7,shape,False,False,America/New_York,2,20601 20603 20602 20675 20695 20604,1840006175
Silver Spring,Silver Spring,MD,Maryland,24031,Montgomery,39.0028,-77.0207,81808,4006.9,shape,False,False,America/New_York,2,20910 20912 20903 20901 20907 20911 20997,1840005845
Towson,Towson,MD,Maryland,24005,Baltimore,39.3944,-76.619,57617,1571.8,shape,False,False,America/New_York,3,21210 21212 21239 21286 21252 21209 21204 21285 21139 21284,1840005695
Olney,Olney,MD,Maryland,24031,Montgomery,39.1465,-77.0715,35522,847.6,shape,False,False,America/New_York,3,20860 20832 20833 20853 20906 20830,1840005836
Langley Park,Langley Park,MD,Maryland,24033,Prince George's,38.9897,-76.9808,21778,8457.6,shape,False,False,America/New_York,2,20783 20903,1840005959
Burtonsville,Burtonsville,MD,Maryland,24031,Montgomery,39.1166,-76.9356,10316,508.2,shape,False,False,America/New_York,3,20868 20866 20707,1840005827
Owings,Owings,MD,Maryland,24009,Calvert,38.7117,-76.6055,2376,232.9,shape,False,False,America/New_York,3,20736,1840006145
Fairview,Fairview,MD,Maryland,24043,Washington,39.711,-77.8406,0,77.4,shape,False,False,America/New_York,3,21722 21740,1840031338
Portland,Portland,ME,Maine,23005,Cumberland,43.6773,-70.2715,209491,1223.9,shape,False,True,America/New_York,2,04101 04102 04103 04108 04109 04019 04104 04112 04116 04122 04123 04124,1840000327
Lewiston,Lewiston,ME,Maine,23001,Androscoggin,44.0915,-70.1681,37577,424.9,shape,False,True,America/New_York,3,04240 04241 04243,1840000320
South Portland,South Portland,ME,Maine,23005,Cumberland,43.631,-70.2895,26656,854.6,shape,False,True,America/New_York,3,04106,1840000328
Biddeford,Biddeford,ME,Maine,23031,York,43.4673,-70.4511,22438,288.0,shape,False,True,America/New_York,3,04005 04006 04007,1840000342
Augusta,Augusta,ME,Maine,23011,Kennebec,44.3341,-69.7319,18938,132.6,shape,False,True,America/New_York,3,04330 04332 04333 04336 04338,1840000302
Old Town,Old Town,ME,Maine,23019,Penobscot,44.9491,-68.7249,7458,74.2,shape,False,True,America/New_York,3,04468 04489,1840000240
South Berwick,South Berwick,ME,Maine,23031,York,43.2321,-70.7963,3453,485.9,shape,False,False,America/New_York,3,03908,1840152995
Kittery Point,Kittery Point,ME,Maine,23031,York,43.0883,-70.6988,1017,205.8,shape,False,False,America/New_York,3,03905,1840002669
Littlejohn Island,Littlejohn Island,ME,Maine,23005,Cumberland,43.7599,-70.1284,58,94.3,shape,False,False,America/New_York,3,04096,1840024005
Detroit,Detroit,MI,Michigan,26163,Wayne,42.3834,-83.1024,3725908,1772.2,shape,False,True,America/Detroit,1,48209 48208 48202 48201 48207 48206 48205 48204 48227 48238 48239 48234 48235 48233 48203 48243 48228 48226 48214 48215 48216 48217 48210 48211 48212 48213 48219 48224 48221 48223 48231 48232 48244 48255 48260 48264 48266 48267 48268 48269 48272 48275 48277 48278 48279 48288,1840003971
Grand Rapids,Grand Rapids,MI,Michigan,26081,Kent,42.9619,-85.6562,609023,1708.2,shape,False,True,America/Detroit,2,49546 49506 49505 49503 49507 49504 49508 49501 49502 49514 49515 49523 49555 49588 49599,1840002928
Ann Arbor,Ann Arbor,MI,Michigan,26161,Washtenaw,42.2759,-83.731,308983,1671.9,shape,False,True,America/Detroit,2,48103 48104 48105 48108 48109 48113,1840003172
Warren,Warren,MI,Michigan,26099,Macomb,42.4934,-83.027,138588,1556.5,shape,False,True,America/Detroit,2,48092 48093 48091 48089 48088 48397,1840002418
Jackson,Jackson,MI,Michigan,26075,Jackson,42.2431,-84.4038,82775,1119.2,shape,False,True,America/Detroit,3,49201 49202 49203,1840003173
Burton,Burton,MI,Michigan,26049,Genesee,42.9974,-83.6175,29568,488.8,shape,False,True,America/Detroit,3,48529 48509 48519,1840002945
Ionia,Ionia,MI,Michigan,26067,Ionia,42.9773,-85.0727,13081,933.3,shape,False,True,America/Detroit,3,48846,1840003075
Dundee,Dundee,MI,Michigan,26115,Monroe,41.9642,-83.6636,5408,398.3,shape,False,True,America/Detroit,3,48131,1840013156
Shorewood-Tower Hills-Harbert,Shorewood-Tower Hills-Harbert,MI,Michigan,26021,Berrien,41.8817,-86.6142,1501,128.0,shape,False,True,America/Detroit,4,49115 49125,1840073780
Pilgrim,Pilgrim,MI,Michigan,26019,Benzie,44.6645,-86.2498,0,16.9,shape,False,False,America/Detroit,3,49635,1840023947
Minneapolis,Minneapolis,MN,Minnesota,27053,Hennepin,44.9635,-93.2678,2892569,3052.2,shape,False,True,America/Chicago,1,55404 55409 55408 55407 55406 55405 55403 55402 55401 55454 55455 55430 55418 55419 55410 55411 55412 55413 55414 55415 55416 55417 55440 55458 55459 55467 55470 55472 55474 55478 55479 55480 55483 55484 55485 55486 55487 55488,1840007830
St. Paul,St. Paul,MN,Minnesota,27123,Ramsey,44.9478,-93.1039,308806,2294.1,shape,False,True,America/Chicago,2,55114 55117 55116 55119 55130 55101 55155 55102 55103 55106 55107 55104 55105 55108 55131 55133 55144 55145 55146 55164 55170,1840008940
Duluth,Duluth,MN,Minnesota,27137,St. Louis,46.7756,-92.1393,118574,467.5,shape,False,True,America/Chicago,2,55803 55802 55807 55806 55805 55804 55808 55810 55811 55812 55815 55816,1840007685
Woodbury,Woodbury,MN,Minnesota,27163,Washington,44.9057,-92.923,75549,835.9,shape,False,True,America/Chicago,3,55129 55125,1840009998
St. Louis Park,St. Louis Park,MN,Minnesota,27053,Hennepin,44.9488,-93.3649,49500,1798.3,shape,False,True,America/Chicago,3,55426 55416,1840008935
Chanhassen,Chanhassen,MN,Minnesota,27019,Carver,44.8546,-93.5621,25868,490.5,shape,False,True,America/Chicago,3,55331 55317 55318,1840006759
Big Lake,Big Lake,MN,Minnesota,27141,Sherburne,45.3417,-93.7434,11857,654.5,shape,False,True,America/Chicago,3,55309,1840006701
Breckenridge,Breckenridge,MN,Minnesota,27167,Wilkin,46.2662,-96.585,3390,517.6,shape,False,True,America/Chicago,3,56520,1840004003
Rushford Village,Rushford Village,MN,Minnesota,27045,Fillmore,43.8033,-91.7915,714,8.2,shape,False,True,America/Chicago,3,55962 55971,1840009015
Angle Inlet,Angle Inlet,MN,Minnesota,27077,Lake of the Woods,49.3465,-95.0732,0,13.9,shape,False,False,America/Chicago,3,56711,1840027030
St. Louis,St. Louis,MO,Missouri,29510,St. Louis,38.6359,-90.2451,2130881,1864.3,shape,False,True,America/Chicago,1,63110 63111 63112 63113 63115 63116 63118 63120 63107 63106 63104 63103 63102 63101 63109 63108 63155 63139 63137 63143 63147 63150 63156 63157 63158 63160 63163 63164 63166 63169 63177 63178 63179 63180 63188 63197,1840001651
Kansas City,Kansas City,MO,Missouri,29095,Jackson,39.1238,-94.5541,1689556,620.7,shape,False,True,America/Chicago,1,64161 64163 64164 64165 64167 64053 64118 64116 64151 64153 64155 64154 64157 64156 64158 64108 64109 64106 64102 64128 64129 64124 64125 64126 64127 64120 64123 64166 64119 64114 64117 64111 64110 64113 64112 64133 64146 64145 64149 64147 64105 64101 64139 64138 64132 64131 64130 64137 64136 64134 64121 64141 64148 64162 64170 64171 64179 64180 64184 64187 64188 64191 64195 64196 64197 64198 64199 64999,1840008535
Columbia,Columbia,MO,Missouri,29019,Boone,38.9472,-92.3268,142637,725.2,shape,False,True,America/Chicago,2,65202 65203 65201 65215 65216 65211 65217 65218 65299,1840007391
St. Charles,St. Charles,MO,Missouri,29183,St. Charles,38.7954,-90.5157,70687,1084.4,shape,False,True,America/Chicago,3,63301 63303 63302,1840009719
Liberty,Liberty,MO,Missouri,29047,Clay,39.2394,-94.4191,30299,402.9,shape,False,True,America/Chicago,3,64068 64069,1840008502
Kirksville,Kirksville,MO,Missouri,29001,Adair,40.1986,-92.5752,17533,470.6,shape,False,True,America/Chicago,3,63501,1840008372
Maplewood,Maplewood,MO,Missouri,29189,St. Louis,38.6121,-90.324,8205,2024.3,shape,False,True,America/Chicago,2,63143,1840009740
Kimberling City,Kimberling City,MO,Missouri,29209,Stone,36.6441,-93.4239,2625,289.2,shape,False,True,America/Chicago,3,65686,1840008795
Glenaire,Glenaire,MO,Missouri,29047,Clay,39.2197,-94.4515,547,1017.0,shape,False,True,America/Chicago,3,64068,1840008497
Plevna,Plevna,MO,Missouri,29103,Knox,39.9765,-92.0852,0,2.7,shape,False,False,America/Chicago,3,63469 63460,1840025557
Jackson,Jackson,MS,Mississippi,28049,Hinds,32.3157,-90.2125,335171,529.9,shape,False,True,America/Chicago,2,39272 39206 39204 39203 39202 39201 39209 39269 39174 39210 39211 39212 39213 39216 39217 39060 39205 39207 39215 39225 39236 39250 39271 39282 39283 39284 39286 39289 39296 39298,1840014895
Hattiesburg,Hattiesburg,MS,Mississippi,28035,Forrest,31.3074,-89.317,76501,350.2,shape,False,True,America/Chicago,3,39401 39402 39406 39403 39407,1840013878
Tupelo,Tupelo,MS,Mississippi,28081,Lee,34.2692,-88.7318,37939,227.5,shape,False,True,America/Chicago,3,38804 38801 38826 38802 38803,1840015561
Oxford,Oxford,MS,Mississippi,28071,Lafayette,34.3627,-89.5336,25713,373.0,shape,False,True,America/Chicago,3,38677 38655 38675,1840014688
Natchez,Natchez,MS,Mississippi,28001,Adams,31.5437,-91.3867,14380,351.1,shape,False,True,America/Chicago,3,39120 39122,1840014951
Gulf Park Estates,Gulf Park Estates,MS,Mississippi,28059,Jackson,30.3802,-88.7581,6965,1013.0,shape,False,False,America/Chicago,3,39564,1840032475
Flora,Flora,MS,Mississippi,28089,Madison,32.5433,-90.3141,2380,278.8,shape,False,True,America/Chicago,3,39071,1840016958
Crenshaw,Crenshaw,MS,Mississippi,28107,Panola,34.5047,-90.1946,864,811.7,shape,False,True,America/Chicago,3,38621,1840016645
Nitta Yuma,Nitta Yuma,MS,Mississippi,28125,Sharkey,33.0236,-90.8487,0,1.4,shape,False,False,America/Chicago,3,39159 38721,1840032381
Billings,Billings,MT,Montana,30111,Yellowstone,45.7891,-108.5526,131519,998.3,shape,False,True,America/Denver,2,59106 59105 59102 59101 59104 59107 59108 59115 59116 59117,1840018496
Great Falls,Great Falls,MT,Montana,30013,Cascade,47.5022,-111.2996,67300,1008.5,shape,False,True,America/Denver,3,59404 59401 59405 59406,1840019839
Kalispell,Kalispell,MT,Montana,30029,Flathead,48.2153,-114.3274,25473,783.3,shape,False,True,America/Denver,3,59901 59904,1840018350
Helena Valley West Central,Helena Valley West Central,MT,Montana,30049,Lewis and Clark,46.6634,-112.0604,8206,120.0,shape,False,True,America/Denver,4,59602,1840074081
Helena Valley Northeast,Helena Valley Northeast,MT,Montana,30049,Lewis and Clark,46.6974,-111.9428,4245,30.8,shape,False,True,America/Denver,4,59602,1840074061
Pablo,Pablo,MT,Montana,30047,Lake,47.6035,-114.1059,1799,143.3,shape,False,False,America/Denver,3,59864 59860 59855,1840018394
Clinton,Clinton,MT,Montana,30063,Missoula,46.7718,-113.7169,745,87.9,shape,False,False,America/Denver,3,59825,1840017347
Fort Peck,Fort Peck,MT,Montana,30105,Valley,48.007,-106.4552,200,86.4,shape,False,True,America/Denver,3,59223 59248,1840021046
Glendale Colony,Glendale Colony,MT,Montana,30035,Glacier,48.8432,-112.5438,0,4.0,shape,False,False,America/Denver,3,59427,1840152314
Charlotte,Charlotte,NC,North Carolina,37119,Mecklenburg,35.2083,-80.8303,1427444,1089.8,shape,False,True,America/New_York,1,28269 28262 28105 28280 28282 28209 28208 28205 28204 28207 28206 28203 28202 28223 28227 28226 28278 28270 28273 28274 28277 28134 28216 28217 28214 28215 28212 28213 28210 28211 28244 28126 28130 28201 28218 28219 28220 28221 28222 28224 28228 28229 28230 28231 28232 28233 28234 28235 28237 28241 28242 28243 28246 28247 28253 28254 28255 28256 28258 28260 28263 28265 28266 28271 28272 28275 28281 28284 28285 28287 28288 28289 28290 28296 28297 28299,1840014557
Raleigh,Raleigh,NC,North Carolina,37183,Wake,35.8324,-78.6429,1163152,1210.0,shape,False,True,America/New_York,1,27617 27616 27615 27614 27613 27612 27610 27609 27601 27603 27604 27605 27606 27608 27607 27697 27695 27602 27619 27620 27622 27624 27626 27627 27628 27634 27636 27640 27650 27656 27658 27661 27668 27675 27676 27690 27698,1840014497
Durham,Durham,NC,North Carolina,37063,Durham,35.9792,-78.9022,399616,950.8,shape,False,True,America/New_York,2,27703 27705 27704 27707 27701 27708 27712 27713 27706 27710 27715 27717 27722,1840013364
Wilmington,Wilmington,NC,North Carolina,37129,New Hanover,34.2099,-77.8866,268625,878.3,shape,False,True,America/New_York,2,28409 28401 28403 28405 28412 28402 28406 28408,1840015576
Chapel Hill,Chapel Hill,NC,North Carolina,37135,Orange,35.9271,-79.0391,58919,1053.4,shape,False,True,America/New_York,3,27599 27516 27514 27517 27515,1840016152
Asheboro,Asheboro,NC,North Carolina,37151,Randolph,35.7158,-79.8127,27117,553.9,shape,False,True,America/New_York,3,27205 27203,1840013400
Smithfield,Smithfield,NC,North Carolina,37101,Johnston,35.5133,-78.3495,11527,359.7,shape,False,True,America/New_York,3,27577,1840017795
Erwin,Erwin,NC,North Carolina,37085,Harnett,35.3226,-78.6733,4606,421.8,shape,False,True,America/New_York,3,28339 28334,1840016328
Chadbourn,Chadbourn,NC,North Carolina,37047,Columbus,34.3251,-78.825,1548,229.8,shape,False,True,America/New_York,3,28431,1840016663
Whittier,Whittier,NC,North Carolina,37099,Jackson,35.4337,-83.3564,0,110.6,shape,False,False,America/New_York,3,28789,1840032916
Fargo,Fargo,ND,North Dakota,38017,Cass,46.8651,-96.8292,228364,968.3,shape,False,True,America/Chicago,2,58102 58104 58103 58105 58106 58107 58108 58109 58121 58122 58124 58125 58126,1840000177
Grand Forks,Grand Forks,ND,North Dakota,38035,Grand Forks,47.9214,-97.0884,70475,813.0,shape,False,True,America/Chicago,3,58202 58203 58201 58206 58208,1840000101
Dickinson,Dickinson,ND,North Dakota,38089,Stark,46.8918,-102.7925,25116,734.6,shape,False,True,America/Denver,3,58601 58602,1840000192
Lincoln,Lincoln,ND,North Dakota,38015,Burleigh,46.7688,-100.6978,4209,1047.8,shape,False,True,America/Chicago,3,58504,1840000158
Bottineau,Bottineau,ND,North Dakota,38009,Bottineau,48.8248,-100.4426,2104,617.4,shape,False,True,America/Chicago,3,58318,1840000003
Kenmare,Kenmare,ND,North Dakota,38101,Ward,48.6729,-102.0721,1016,292.6,shape,False,True,America/Chicago,3,58746,1840000051
Glenburn,Glenburn,ND,North Dakota,38075,Renville,48.5136,-101.2211,490,422.7,shape,False,True,America/Chicago,3,58740,1840000042
Carpio,Carpio,ND,North Dakota,38101,Ward,48.4434,-101.7163,146,89.1,shape,False,True,America/Chicago,3,58725,1840000047
Orrin,Orrin,ND,North Dakota,38069,Pierce,48.091,-100.1671,0,0.4,shape,False,False,America/Chicago,3,58368,1840023766
Omaha,Omaha,NE,Nebraska,31055,Douglas,41.2627,-96.0529,821345,1323.9,shape,False,True,America/Chicago,2,68112 68114 68117 68116 68118 68182 68183 68105 68108 68178 68110 68122 68127 68124 68111 68022 68137 68135 68132 68144 68134 68131 68130 68102 68106 68107 68104 68164 68152 68154 68101 68103 68109 68119 68139 68145 68172 68175 68176 68179 68180 68197 68198,1840009315
Lincoln,Lincoln,NE,Nebraska,31109,Lancaster,40.8099,-96.6784,290531,1132.1,shape,False,True,America/Chicago,2,68528 68524 68526 68520 68521 68522 68514 68516 68510 68512 68506 68507 68504 68505 68502 68503 68508 68588 68509 68529 68542 68544 68583,1840009357
Grand Island,Grand Island,NE,Nebraska,31079,Hall,40.9218,-98.3586,52822,677.9,shape,False,True,America/Chicago,3,68803 68801,1840000956
Hastings,Hastings,NE,Nebraska,31001,Adams,40.5961,-98.39,25098,651.7,shape,False,True,America/Chicago,3,68901 68902,1840001130
Chalco,Chalco,NE,Nebraska,31153,Sarpy,41.1817,-96.1353,10457,1433.2,shape,False,False,America/Chicago,3,68138,1840005176
Chadron,Chadron,NE,Nebraska,31045,Dawes,42.826,-103.0025,5255,520.0,shape,False,True,America/Denver,3,69337,1840006893
Gibbon,Gibbon,NE,Nebraska,31019,Buffalo,40.7461,-98.8458,1785,793.5,shape,False,True,America/Chicago,3,68840,1840008286
Bloomfield,Bloomfield,NE,Nebraska,31107,Knox,42.5984,-97.6481,847,400.7,shape,False,True,America/Chicago,3,68718,1840000415
St. Libory,St. Libory,NE,Nebraska,31093,Howard,41.0822,-98.359,295,145.4,shape,False,False,America/Chicago,3,68872,1840024168
Raeville,Raeville,NE,Nebraska,31011,Boone,41.8955,-98.0535,0,33.2,shape,False,False,America/Chicago,3,68652,1840025514
Nashua,Nashua,NH,New Hampshire,33011,Hillsborough,42.7491,-71.491,245209,1138.8,shape,False,True,America/New_York,2,03062 03063 03060 03064 03061,1840002984
Manchester,Manchester,NH,New Hampshire,33011,Hillsborough,42.9848,-71.4447,169097,1343.1,shape,False,True,America/New_York,2,03109 03104 03101 03103 03102 03105 03108 03111,1840002983
Portsmouth,Portsmouth,NH,New Hampshire,33015,Rockingham,43.058,-70.7826,96146,545.8,shape,False,True,America/New_York,3,03801 03802 03803 03804,1840002932
Concord,Concord,NH,New Hampshire,33013,Merrimack,43.2305,-71.5595,44049,265.9,shape,False,True,America/New_York,2,03303 03301 03302 03305,1840002747
Keene,Keene,NH,New Hampshire,33005,Cheshire,42.9494,-72.2998,22907,238.4,shape,False,True,America/New_York,3,03431 03435,1840003050
Somersworth,Somersworth,NH,New Hampshire,33017,Strafford,43.2534,-70.8856,11994,472.5,shape,False,True,America/New_York,3,03878,1840002810
East Merrimack,East Merrimack,NH,New Hampshire,33011,Hillsborough,42.8692,-71.4819,4643,531.1,shape,False,False,America/New_York,3,03054,1840033211
Groveton,Groveton,NH,New Hampshire,33007,Coos,44.6048,-71.5201,839,157.3,shape,False,False,America/New_York,3,03582,1840002102
Blodgett Landing,Blodgett Landing,NH,New Hampshire,33013,Merrimack,43.3757,-72.0392,103,30.4,shape,False,False,America/New_York,3,03255,1840026152
Trenton,Trenton,NJ,New Jersey,34021,Mercer,40.2237,-74.7641,362179,4571.3,shape,False,True,America/New_York,2,08638 08611 08618 08629 08609 08608 08601 08603 08604 08605 08607 08625 08645 08646 08647 08666 08695,1840001383
Newark,Newark,NJ,New Jersey,34013,Essex,40.7245,-74.1725,307355,4915.2,shape,False,True,America/New_York,2,07103 07102 07105 07104 07107 07106 07108 07112 07114 07101 07175 07188 07191 07192 07193 07195 07198 07199,1840002791
Paterson,Paterson,NJ,New Jersey,34031,Passaic,40.9147,-74.1624,157864,7244.8,shape,False,True,America/New_York,2,07522 07524 07514 07513 07505 07501 07504 07503 07502 07507 07509 07510 07533 07543 07544,1840000838
Camden,Camden,NJ,New Jersey,34007,Camden,39.9361,-75.1073,71799,3108.3,shape,False,True,America/New_York,2,08104 08105 08102 08103 08101,1840001507
West New York,West New York,NJ,New Jersey,34017,Hudson,40.7857,-74.0094,52438,20363.1,shape,False,True,America/New_York,2,07093,1840001035
Lodi,Lodi,NJ,New Jersey,34003,Bergen,40.8784,-74.0814,25969,4412.7,shape,False,True,America/New_York,2,07644,1840003535
Metuchen,Metuchen,NJ,New Jersey,34023,Middlesex,40.5424,-74.3628,14958,2035.4,shape,False,True,America/New_York,2,08840,1840003633
McKee City,McKee City,NJ,New Jersey,34001,Atlantic,39.4465,-74.6445,9566,766.4,shape,False,False,America/New_York,3,08330,1840081031
Shrewsbury,Shrewsbury,NJ,New Jersey,34025,Monmouth,40.3249,-74.06,4138,739.5,shape,False,True,America/New_York,3,07702,1840001363
Port Murray,Port Murray,NJ,New Jersey,34041,Warren,40.7915,-74.924,0,82.3,shape,False,False,America/New_York,3,07865,1840033389
Albuquerque,Albuquerque,NM,New Mexico,35001,Bernalillo,35.1054,-106.6465,769986,1159.8,shape,False,True,America/Denver,2,87123 87112 87113 87110 87111 87114 87109 87108 87101 87102 87105 87104 87107 87106 87120 87119 87125 87131 87153 87154 87158 87181 87184 87187 87190 87191 87192 87194 87196 87197 87198 87199,1840019176
Las Cruces,Las Cruces,NM,New Mexico,35013,Doa Ana,32.3265,-106.7893,140915,558.4,shape,False,True,America/Denver,2,88012 88011 88005 88007 88001 87654 88006 88013,1840020683
Santa Fe,Santa Fe,NM,New Mexico,35049,Santa Fe,35.6619,-105.9819,93165,647.7,shape,False,True,America/Denver,2,87505 87507 87501 87502 87503 87509,1840021707
Clovis,Clovis,NM,New Mexico,35009,Curry,34.4376,-103.1923,38453,628.4,shape,False,True,America/Denver,3,88101 88102,1840019195
Deming,Deming,NM,New Mexico,35029,Luna,32.2631,-107.7525,14756,340.8,shape,False,True,America/Denver,3,88030 88031,1840019458
Bloomfield,Bloomfield,NM,New Mexico,35045,San Juan,36.7401,-107.9734,7430,154.7,shape,False,True,America/Denver,3,87413,1840018994
Clayton,Clayton,NM,New Mexico,35059,Union,36.4426,-103.1574,2825,140.4,shape,False,True,America/Denver,3,88415,1840022631
Church Rock,Church Rock,NM,New Mexico,35031,McKinley,35.5692,-108.573,1395,29.4,shape,False,False,America/Denver,3,87311,1840017762
Pecan Park,Pecan Park,NM,New Mexico,35029,Luna,32.2704,-107.674,471,22.2,shape,False,True,America/Denver,4,88030,1840040168
Newkirk,Newkirk,NM,New Mexico,35019,Guadalupe,35.0635,-104.2715,0,0.0,shape,False,False,America/Denver,3,88417,1840024978
Las Vegas,Las Vegas,NV,Nevada,32003,Clark,36.2333,-115.2654,2248047,1755.1,shape,False,True,America/Los_Angeles,1,89146 89149 89107 89106 89104 89102 89101 89108 89138 89130 89131 89134 89143 89145 89144 89110 89117 89129 89128 89124 88901 88905 89105 89114 89116 89125 89126 89127 89133 89137 89140 89151 89152 89153 89155 89163 89185 89195,1840020364
Reno,Reno,NV,Nevada,32031,Washoe,39.5497,-119.8483,457702,940.5,shape,False,True,America/Los_Angeles,2,89521 89523 89439 89503 89502 89501 89506 89509 89508 89557 89519 89512 89505 89507 89533 89555 89595 89599,1840020121
Enterprise,Enterprise,NV,Nevada,32003,Clark,36.0091,-115.2278,225461,1319.0,shape,False,False,America/Los_Angeles,2,89178 89183 89139 89141 89148 89113 89118 89119 89123,1840033827
Paradise,Paradise,NV,Nevada,32003,Clark,36.0872,-115.1355,189733,1727.6,shape,False,False,America/Los_Angeles,2,89103 89109 89158 89169 89118 89119 89121 89120 89123 89111 89132 89136 89154 89157 89159 89160 89170 89177 89193,1840033743
Fernley,Fernley,NV,Nevada,32019,Lyon,39.5627,-119.1906,23035,73.1,shape,False,True,America/Los_Angeles,3,89408 89406 89429,1840020214
Incline Village,Incline Village,NV,Nevada,32031,Washoe,39.2639,-119.9455,9163,164.5,shape,False,False,America/Los_Angeles,3,89451 89450 89452,1840033809
Kingsbury,Kingsbury,NV,Nevada,32005,Douglas,38.9909,-119.8837,1920,34.0,shape,False,False,America/Los_Angeles,3,89449 89411,1840033778
Zephyr Cove,Zephyr Cove,NV,Nevada,32005,Douglas,39.0082,-119.9307,637,115.9,shape,False,False,America/Los_Angeles,3,89448,1840033820
Mount Wilson,Mount Wilson,NV,Nevada,32017,Lincoln,38.235,-114.4504,0,2.2,shape,False,True,America/Los_Angeles,5,89043,1840039843
New York,New York,NY,New York,36081,Queens,40.6943,-73.9249,18908608,11080.3,shape,False,True,America/New_York,1,11229 11228 11226 11225 11224 11222 11221 11220 11385 10169 10168 10167 10165 10162 10282 10280 10040 10044 11109 11102 11103 11106 11104 11697 11694 11692 11693 11691 10271 10279 10278 10075 11249 10452 11451 10475 10474 10471 10470 10473 10472 11223 10103 11368 11369 11366 11367 11364 11365 11362 11363 11360 11361 10028 10029 10026 10027 10024 10025 10022 10023 10020 10021 11212 11213 11210 11211 11216 11217 11214 11215 11218 11219 10152 10153 10154 10310 10311 10312 10314 11439 11432 11433 11430 11436 11434 11435 10453 10451 10457 10456 10455 10454 10459 10458 10128 10004 10005 10006 10007 10001 10002 10003 10009 11238 11239 11230 11231 11232 11233 11234 11235 11236 11237 11379 11378 11375 11374 11377 11371 11370 11373 11372 10170 10171 10172 10173 10174 10177 11356 10039 10038 10035 10034 10037 10036 10031 10030 10033 10032 11201 11209 11203 11205 11204 11207 11206 11208 11411 11412 11413 11414 11415 11416 11417 11418 11419 11101 11105 11001 11005 11004 10065 10069 10199 10309 10308 10307 10306 10305 10304 10303 10302 10301 11429 11428 11421 11420 11423 11422 11424 11427 11426 10466 10467 10464 10465 10462 10463 10460 10461 10468 10469 10119 10115 10112 10110 10111 11359 11358 11357 11355 11354 10019 10018 10013 10012 10011 10010 10017 10016 10014 10008 10041 10043 10055 10060 10081 10087 10090 10101 10102 10104 10105 10106 10107 10108 10109 10113 10114 10116 10117 10118 10120 10121 10122 10123 10124 10125 10126 10129 10130 10131 10132 10133 10138 10150 10151 10155 10156 10157 10158 10159 10160 10163 10164 10166 10175 10176 10178 10179 10185 10203 10211 10212 10213 10242 10249 10256 10258 10259 10260 10261 10265 10268 10269 10270 10272 10273 10274 10275 10276 10277 10281 10285 10286 10313 11120 11202 11241 11242 11243 11245 11247 11251 11252 11256 11351 11352 11380 11386 11405 11425 11431 11437 11499 11690 11695,1840034016
Brooklyn,Brooklyn,NY,New York,36047,Kings,40.6501,-73.9496,2736074,15200.5,point,False,True,America/New_York,1,11229 11226 11225 11224 11223 11221 11220 11249 11228 11222 11212 11213 11210 11211 11216 11217 11214 11215 11218 11219 11238 11239 11230 11231 11232 11233 11234 11235 11236 11237 11208 11201 11203 11205 11204 11207 11206 11209 11202 11241 11242 11243 11245 11247 11251 11252 11256,1840034030
Manhattan,Manhattan,NY,New York,36061,New York,40.7834,-73.9662,1694263,28653.9,point,False,True,America/New_York,1,10169 10168 10167 10165 10162 10282 10280 10040 10044 10271 10279 10278 10075 10103 10028 10029 10026 10027 10024 10025 10022 10023 10020 10021 10152 10153 10154 10128 10004 10005 10006 10007 10001 10002 10003 10009 10170 10171 10172 10173 10174 10177 10039 10038 10035 10034 10037 10036 10031 10030 10033 10032 10065 10069 10199 10119 10115 10112 10110 10111 10019 10018 10013 10012 10011 10010 10017 10016 10014 10008 10041 10043 10055 10060 10081 10087 10090 10101 10102 10104 10105 10106 10107 10108 10109 10113 10114 10116 10117 10118 10120 10121 10122 10123 10124 10125 10126 10129 10130 10131 10132 10133 10138 10150 10151 10155 10156 10157 10158 10159 10160 10163 10164 10166 10175 10176 10178 10179 10185 10203 10211 10212 10213 10242 10249 10256 10258 10259 10260 10261 10265 10268 10269 10270 10273 10274 10275 10276 10277 10281 10285 10286,1840034000
Staten Island,Staten Island,NY,New York,36085,Richmond,40.5834,-74.1496,495747,3286.2,point,False,True,America/New_York,2,10303 10302 10301 10307 10306 10305 10310 10311 10312 10314 10309 10308 10304 10313,1840034032
White Plains,White Plains,NY,New York,36119,Westchester,41.022,-73.7547,59421,2356.3,shape,False,True,America/New_York,2,10603 10601 10605 10606 10604 10602,1840003477
Ithaca,Ithaca,NY,New York,36109,Tompkins,42.4442,-76.5032,31359,2246.8,shape,False,True,America/New_York,2,14853 14850 14851,1840000442
Wantagh,Wantagh,NY,New York,36059,Nassau,40.6686,-73.5104,17995,1814.2,shape,False,False,America/New_York,3,11793,1840005281
Farmingdale,Farmingdale,NY,New York,36059,Nassau,40.7328,-73.4468,8428,2974.0,shape,False,True,America/New_York,2,11735 11737,1840005285
Silver Creek,Silver Creek,NY,New York,36013,Chautauqua,42.5427,-79.1678,2623,881.0,shape,False,True,America/New_York,3,14136,1840004571
Dering Harbor,Dering Harbor,NY,New York,36103,Suffolk,41.0933,-72.3418,0,34.1,shape,False,True,America/New_York,3,11964,1840005146
Cincinnati,Cincinnati,OH,Ohio,39061,Hamilton,39.1413,-84.506,1692702,1530.6,shape,False,True,America/New_York,1,45267 45219 45213 45212 45211 45217 45216 45214 45233 45226 45227 45225 45223 45229 45224 45232 45204 45205 45206 45207 45202 45203 45208 45209 45239 45238 45237 45220 45230 45201 45221 45250 45254 45262 45263 45264 45268 45269 45270 45271 45273 45274 45275 45296 45298 45299 45999,1840003814
Cleveland,Cleveland,OH,Ohio,39035,Cuyahoga,41.4764,-81.6805,1680247,1839.6,shape,False,True,America/New_York,1,44135 44120 44119 44113 44112 44111 44110 44115 44114 44144 44128 44127 44104 44105 44106 44101 44102 44103 44108 44109 44181 44190 44191 44192 44193 44194 44195 44197 44198 44199,1840000596
Dayton,Dayton,OH,Ohio,39113,Montgomery,39.7805,-84.2003,668825,950.0,shape,False,True,America/New_York,2,45432 45469 45402 45403 45406 45404 45405 45409 45428 45420 45423 45424 45410 45414 45417 45419 45377 45401 45412 45422 45481 45490,1840034249
Middletown,Middletown,OH,Ohio,39017,Butler,39.5033,-84.3659,93870,746.1,shape,False,True,America/New_York,3,45044 45005 45042,1840003804
Beavercreek,Beavercreek,OH,Ohio,39057,Greene,39.731,-84.0624,46576,676.2,shape,False,True,America/New_York,3,45440 45434 45432 45431 45430 45301 45482,1840007312
Shaker Heights,Shaker Heights,OH,Ohio,39035,Cuyahoga,41.4744,-81.5496,29157,1789.4,shape,False,True,America/New_York,3,44120 44122,1840003412
Bay Village,Bay Village,OH,Ohio,39035,Cuyahoga,41.4851,-81.9317,16047,1357.0,shape,False,True,America/New_York,3,44140,1840003394
Clyde,Clyde,OH,Ohio,39143,Sandusky,41.3044,-82.9781,6314,466.5,shape,False,True,America/New_York,3,43410,1840007131
Curtice,Curtice,OH,Ohio,39123,Ottawa,41.616,-83.3743,1501,157.4,shape,False,False,America/New_York,3,43616 43412,1840026265
Stockdale,Stockdale,OH,Ohio,39131,Pike,38.9578,-82.8574,0,104.3,shape,False,False,America/New_York,3,45613 45683,1840026676
Oklahoma City,Oklahoma City,OK,Oklahoma,40109,Oklahoma,35.4676,-97.5136,998806,433.6,shape,False,True,America/Chicago,2,73099 73119 73118 73114 73117 73116 73111 73110 73112 73020 73012 73013 73142 73141 73145 73149 73169 73078 73108 73109 73106 73107 74857 73139 73132 73131 73135 73134 73008 73097 73084 73105 73162 73103 73054 73151 73150 73159 73064 73104 73102 73179 73173 73170 73049 73160 73165 73127 73120 73121 73122 73128 73129 73101 73113 73124 73125 73126 73136 73137 73143 73144 73146 73147 73148 73152 73154 73155 73157 73163 73164 73167 73172 73178 73184 73189 73190 73194 73195,1840020428
Tulsa,Tulsa,OK,Oklahoma,40143,Tulsa,36.1283,-95.9042,731743,804.2,shape,False,True,America/Chicago,2,74137 74134 74132 74133 74130 74136 74135 74146 74145 74127 74126 74112 74114 74115 74119 74015 74106 74129 74128 74120 74171 74110 74116 74117 74107 74105 74103 74104 74108 74101 74121 74141 74147 74148 74149 74150 74152 74153 74155 74156 74158 74159 74169 74170 74172 74182 74186 74187 74192 74193,1840021672
Broken Arrow,Broken Arrow,OK,Oklahoma,40143,Tulsa,36.038,-95.7806,114237,700.6,shape,False,True,America/Chicago,2,74014 74011 74012 74013,1840019059
Enid,Enid,OK,Oklahoma,40047,Garfield,36.4063,-97.87,50961,266.1,shape,False,True,America/Chicago,3,73701 73703 73705 73702 73706,1840020373
Yukon,Yukon,OK,Oklahoma,40017,Canadian,35.5201,-97.7639,24198,352.0,shape,False,True,America/Chicago,3,73099 73085,1840021740
Okmulgee,Okmulgee,OK,Oklahoma,40111,Okmulgee,35.6134,-96.0068,11366,254.9,shape,False,True,America/Chicago,3,74447,1840020400
Madill,Madill,OK,Oklahoma,40095,Marshall,34.0872,-96.7744,3929,343.4,shape,False,True,America/Chicago,3,73446,1840020543
Norwood,Norwood,OK,Oklahoma,40021,Cherokee,35.8491,-95.1493,1402,16.7,shape,False,False,America/Chicago,3,74441 74434,1840145078
McCurtain,McCurtain,OK,Oklahoma,40061,Haskell,35.1509,-94.9669,420,146.5,shape,False,True,America/Chicago,3,74944,1840022768
Adamson,Adamson,OK,Oklahoma,40121,Pittsburg,34.9243,-95.5474,0,49.6,shape,False,False,America/Chicago,3,74547,1840096353
Portland,Portland,OR,Oregon,41051,Multnomah,45.5371,-122.65,2095808,1868.8,shape,False,True,America/Los_Angeles,1,97227 97221 97220 97229 97203 97202 97201 97206 97205 97204 97209 97208 97258 97266 97219 97213 97236 97232 97233 97230 97239 97218 97214 97215 97216 97217 97210 97211 97212 97207 97228 97238 97240 97242 97250 97251 97252 97253 97254 97256 97280 97282 97283 97286 97290 97291 97292 97293 97294,1840019941
Salem,Salem,OR,Oregon,41047,Marion,44.9233,-123.0244,266420,1387.5,shape,False,True,America/Los_Angeles,2,97302 97301 97306 97304 97310 97317 97309 97311 97312 97314,1840021224
Hillsboro,Hillsboro,OR,Oregon,41067,Washington,45.5273,-122.936,106612,1592.8,shape,False,True,America/Los_Angeles,2,97006 97123 97124 97129,1840019932
Lake Oswego,Lake Oswego,OR,Oregon,41005,Clackamas,45.4129,-122.7004,40457,1442.3,shape,False,True,America/Los_Angeles,3,97034 97035 97036,1840019955
Roseburg,Roseburg,OR,Oregon,41019,Douglas,43.2231,-123.352,23657,852.0,shape,False,True,America/Los_Angeles,3,97470 97471,1840020034
White City,White City,OR,Oregon,41029,Jackson,42.4316,-122.8322,11123,2302.4,shape,False,False,America/Los_Angeles,2,97503,1840018673
Phoenix,Phoenix,OR,Oregon,41029,Jackson,42.2749,-122.8154,4389,1188.1,shape,False,True,America/Los_Angeles,3,97535,1840020077
Riddle,Riddle,OR,Oregon,41019,Douglas,42.9542,-123.3644,1157,703.8,shape,False,True,America/Los_Angeles,3,97469,1840020033
Pistol River,Pistol River,OR,Oregon,41015,Curry,42.2837,-124.3992,0,38.1,shape,False,False,America/Los_Angeles,3,97444,1840025466
Philadelphia,Philadelphia,PA,Pennsylvania,42101,Philadelphia,40.0077,-75.1339,5683533,4578.4,shape,False,True,America/New_York,1,19154 19151 19150 19153 19152 19102 19103 19106 19107 19104 19108 19109 19128 19129 19120 19121 19122 19123 19124 19125 19126 19127 19112 19111 19115 19114 19116 19119 19118 19148 19149 19146 19147 19144 19145 19142 19143 19140 19141 19139 19138 19137 19136 19135 19134 19133 19132 19131 19130 19019 19092 19093 19099 19101 19105 19110 19155 19160 19161 19162 19170 19171 19172 19173 19175 19176 19177 19178 19179 19181 19182 19183 19184 19185 19187 19188 19190 19191 19192 19193 19194 19195 19196 19197 19244 19255,1840000673
Pittsburgh,Pittsburgh,PA,Pennsylvania,42003,Allegheny,40.4397,-79.9763,1749091,2118.5,shape,False,True,America/New_York,1,15282 15216 15217 15214 15212 15213 15210 15211 15218 15219 15290 15232 15260 15233 15205 15204 15207 15206 15201 15203 15208 15234 15222 15221 15220 15226 15224 15120 15230 15240 15250 15251 15252 15253 15254 15255 15257 15258 15259 15261 15262 15264 15265 15267 15270 15272 15274 15279 15281 15286 15289 15295,1840001254
Lancaster,Lancaster,PA,Pennsylvania,42071,Lancaster,40.042,-76.3012,402476,3096.9,shape,False,True,America/New_York,2,17603 17602 17601 17608 17622 17699,1840003718
Bethlehem,Bethlehem,PA,Pennsylvania,42095,Northampton,40.6266,-75.3679,76555,1546.3,shape,False,True,America/New_York,3,18017 18015 18018 18016 18025,1840000986
Allison Park,Allison Park,PA,Pennsylvania,42003,Allegheny,40.573,-79.9603,22701,632.5,shape,False,False,America/New_York,3,15101 15091,1840026468
St. Marys,St. Marys,PA,Pennsylvania,42047,Elk,41.4574,-78.5342,12691,49.3,shape,False,True,America/New_York,3,15857,1840000618
White Oak,White Oak,PA,Pennsylvania,42003,Allegheny,40.3415,-79.8008,7585,442.4,shape,False,True,America/New_York,3,15131 15642,1840001277
Monongahela,Monongahela,PA,Pennsylvania,42125,Washington,40.1955,-79.9222,4147,837.0,shape,False,True,America/New_York,3,15063,1840003661
Nescopeck,Nescopeck,PA,Pennsylvania,42079,Luzerne,41.053,-76.2123,1426,557.2,shape,False,True,America/New_York,3,18635 18660,1840000762
Millerstown,Millerstown,PA,Pennsylvania,42013,Blair,40.2771,-78.3029,0,28.0,shape,False,False,America/New_York,3,16662,1840153020
San Juan,San Juan,PR,Puerto Rico,72127,San Juan,18.3985,-66.061,1814587,3128.8,shape,False,False,America/Puerto_Rico,1,00918 00913 00912 00911 00917 00915 00926 00927 00924 00925 00923 00920 00921 00906 00907 00901 00909 00969 00908 00910 00919 00922 00928 00929 00931 00935 00936 00937 00939 00940 00955 00975,1630035577
Bayamn,Bayamon,PR,Puerto Rico,72021,Bayamn,18.3794,-66.1635,168698,2404.7,shape,False,False,America/Puerto_Rico,2,00959 00957 00956 00934 00960 00961 00916,1630035622
Ponce,Ponce,PR,Puerto Rico,72113,Ponce,18.0127,-66.6212,114901,1509.8,shape,False,False,America/Puerto_Rico,2,00728 00717 00716 00730 00732 00733 00734,1630023669
Fajardo,Fajardo,PR,Puerto Rico,72053,Fajardo,18.3331,-65.6589,66022,1213.3,shape,False,False,America/Puerto_Rico,3,00740 00738,1630035668
Canvanas,Canovanas,PR,Puerto Rico,72029,Canvanas,18.3693,-65.9009,12468,1708.0,shape,False,False,America/Puerto_Rico,3,00729,1630023717
San Antonio,San Antonio,PR,Puerto Rico,72051,Dorado,18.4471,-66.2995,7351,1508.5,shape,False,False,America/Puerto_Rico,3,00646,1630023733
Toa Alta,Toa Alta,PR,Puerto Rico,72135,Toa Alta,18.3879,-66.2508,3251,1788.5,shape,False,False,America/Puerto_Rico,3,00953 00954,1630023642
Olimpo,Olimpo,PR,Puerto Rico,72057,Guayama,18.0027,-66.1097,1621,1386.1,shape,False,False,America/Puerto_Rico,3,00784,1630023657
Villas del Sol,Villas del Sol,PR,Puerto Rico,72137,Toa Baja,18.4487,-66.2298,0,2693.3,shape,False,False,America/Puerto_Rico,2,00949,1630150457
Providence,Providence,RI,Rhode Island,44007,Providence,41.823,-71.4187,1290271,3979.7,shape,False,True,America/New_York,1,02903 02906 02907 02908 02904 02905 02909 02912 02918 02901 02902 02940,1840003289
Warwick,Warwick,RI,Rhode Island,44003,Kent,41.7062,-71.4334,82783,913.2,shape,False,True,America/New_York,3,02818 02886 02889 02888 02887,1840003344
Cranston,Cranston,RI,Rhode Island,44007,Providence,41.7658,-71.4858,82691,1126.4,shape,False,True,America/New_York,3,02831 02920 02905 02910 02823 02921,1840003287
Pawtucket,Pawtucket,RI,Rhode Island,44007,Providence,41.8744,-71.3743,75176,3348.9,shape,False,True,America/New_York,2,02861 02860 02862,1840003285
Woonsocket,Woonsocket,RI,Rhode Island,44007,Providence,42.001,-71.4993,43029,2144.9,shape,False,True,America/New_York,2,02895,1840003290
Valley Falls,Valley Falls,RI,Rhode Island,44007,Providence,41.9233,-71.3924,12072,1313.7,shape,False,False,America/New_York,3,02864,1840003295
Pascoag,Pascoag,RI,Rhode Island,44007,Providence,41.952,-71.7042,4527,344.8,shape,False,False,America/New_York,3,02859,1840003294
Harmony,Harmony,RI,Rhode Island,44007,Providence,41.8964,-71.6052,1442,189.2,shape,False,False,America/New_York,3,02814 02829,1840026228
Clayville,Clayville,RI,Rhode Island,44007,Providence,41.7734,-71.6854,102,22.8,shape,False,False,America/New_York,3,02815 02825,1840026230
Charleston,Charleston,SC,South Carolina,45019,Charleston,32.8168,-79.9687,706884,503.3,shape,False,True,America/New_York,2,29414 29424 29425 29455 29405 29407 29401 29403 29409 29492 29412 29402 29413 29417 29422 29457,1840015163
Greenville,Greenville,SC,South Carolina,45045,Greenville,34.8354,-82.3646,401443,917.9,shape,False,True,America/New_York,2,29614 29607 29605 29601 29609 29602 29603 29604 29612 29616,1840013501
Mauldin,Mauldin,SC,South Carolina,45045,Greenville,34.7821,-82.3032,168313,808.4,shape,False,True,America/New_York,2,29662 29607 29681,1840015476
Greer,Greer,SC,South Carolina,45045,Greenville,34.933,-82.2313,37010,609.7,shape,False,True,America/New_York,3,29651 29650,1840013502
Wade Hampton,Wade Hampton,SC,South Carolina,45045,Greenville,34.8821,-82.3336,21029,914.0,shape,False,False,America/New_York,3,29615 29687 29606,1840035800
Forest Acres,Forest Acres,SC,South Carolina,45079,Richland,34.0323,-80.9716,10514,880.2,shape,False,True,America/New_York,3,29206 29204 29260,1840013653
Northlake,Northlake,SC,South Carolina,45007,Anderson,34.5691,-82.6838,3989,372.2,shape,False,False,America/New_York,3,29625 29621,1840035847
Meggett,Meggett,SC,South Carolina,45019,Charleston,32.6968,-80.273,1348,28.7,shape,False,True,America/New_York,3,29449,1840017285
Ketchuptown,Ketchuptown,SC,South Carolina,45051,Horry,34.1091,-79.1557,5,18.9,shape,False,False,America/New_York,3,29581,1840106367
Sioux Falls,Sioux Falls,SD,South Dakota,46099,Minnehaha,43.5396,-96.7311,204484,926.0,shape,False,True,America/Chicago,2,57108 57104 57105 57106 57107 57103 57197 57110 57117 57101 57109 57186 57193,1840002648
Aberdeen,Aberdeen,SD,South Dakota,46013,Brown,45.4649,-98.4686,28388,663.6,shape,False,True,America/Chicago,3,57401,1840002032
Yankton,Yankton,SD,South Dakota,46135,Yankton,42.8901,-97.3927,15421,686.8,shape,False,True,America/Chicago,3,57078,1840003058
Harrisburg,Harrisburg,SD,South Dakota,46083,Lincoln,43.4324,-96.7041,7157,588.7,shape,False,True,America/Chicago,3,57108 57032,1840002845
Blackhawk,Blackhawk,SD,South Dakota,46093,Meade,44.1514,-103.334,2930,238.8,shape,False,False,America/Denver,3,57718,1840004031
Gregory,Gregory,SD,South Dakota,46053,Gregory,43.23,-99.4208,1393,312.5,shape,False,True,America/Chicago,3,57533,1840002865
Wessington Springs,Wessington Springs,SD,South Dakota,46073,Jerauld,44.0805,-98.5712,659,141.2,shape,False,True,America/Chicago,3,57382,1840002528
Artesian,Artesian,SD,South Dakota,46111,Sanborn,44.0079,-97.9237,190,132.4,shape,False,True,America/Chicago,3,57314,1840002536
Silver Lake Colony,Silver Lake Colony,SD,South Dakota,46025,Clark,44.8657,-97.6084,0,0.4,shape,False,False,America/Chicago,3,57225,1840152591
Nashville,Nashville,TN,Tennessee,47037,Davidson,36.1715,-86.7842,1177657,555.4,shape,False,True,America/Chicago,1,37027 37138 37076 37072 37203 37206 37201 37080 37218 37219 37216 37217 37214 37215 37212 37213 37210 37211 37189 37232 37238 37209 37208 37205 37204 37207 37115 37013 37228 37221 37220 37143 37011 37116 37202 37222 37224 37227 37229 37230 37234 37235 37236 37240 37241 37242 37243 37244 37246 37250,1840036155
Knoxville,Knoxville,TN,Tennessee,47093,Knox,35.9692,-83.9496,615829,750.3,shape,False,True,America/New_York,2,37909 37902 37924 37920 37921 37922 37923 37929 37919 37918 37915 37914 37917 37916 37912 37901 37927 37928 37939 37950 37995 37996 37997,1840014486
Johnson City,Johnson City,TN,Tennessee,47179,Washington,36.3406,-82.3806,131718,628.5,shape,False,True,America/New_York,2,37614 37615 37601 37604 37602 37605 37684,1840014462
Hendersonville,Hendersonville,TN,Tennessee,47165,Sumner,36.3063,-86.5997,61589,750.7,shape,False,True,America/Chicago,3,37075 37077,1840014419
East Ridge,East Ridge,TN,Tennessee,47065,Hamilton,34.9973,-85.2285,22040,1027.5,shape,False,True,America/New_York,3,37412,1840013452
Lenoir City,Lenoir City,TN,Tennessee,47105,Loudon,35.8111,-84.2818,10291,460.6,shape,False,True,America/New_York,3,37772 37771,1840014514
Selmer,Selmer,TN,Tennessee,47109,McNairy,35.1708,-88.5955,4444,179.7,shape,False,True,America/Chicago,3,38375,1840017869
Norris,Norris,TN,Tennessee,47001,Anderson,36.2137,-84.0629,1592,73.8,shape,False,True,America/New_York,3,37705 37828,1840014472
Jacks Creek,Jacks Creek,TN,Tennessee,47023,Chester,35.4691,-88.5146,0,31.3,shape,False,False,America/Chicago,3,38347,1840109948
Houston,Houston,TX,Texas,48201,Harris,29.786,-95.3885,5970127,1384.0,shape,False,True,America/Chicago,1,77069 77068 77061 77060 77063 77062 77065 77064 77067 77066 77346 77571 77036 77037 77034 77035 77032 77033 77030 77031 77038 77449 77093 77044 77043 77042 77204 77598 77018 77019 77015 77016 77017 77010 77011 77012 77013 77094 77091 77092 77053 77345 77547 77080 77025 77024 77027 77026 77021 77020 77023 77022 77029 77028 77096 77090 77098 77099 77078 77079 77072 77073 77070 77071 77076 77077 77074 77075 77407 77047 77046 77045 77041 77040 77048 77336 77339 77338 77489 77003 77002 77007 77006 77005 77004 77009 77008 77450 77086 77089 77088 77083 77082 77081 77087 77085 77084 77054 77055 77056 77057 77058 77059 77396 77051 77506 77504 77001 77052 77201 77202 77203 77205 77206 77207 77208 77210 77212 77213 77215 77216 77217 77218 77219 77220 77221 77222 77223 77225 77226 77227 77228 77229 77230 77231 77233 77234 77235 77236 77237 77241 77242 77243 77244 77245 77248 77249 77251 77252 77253 77254 77255 77256 77257 77259 77261 77262 77263 77266 77269 77270 77271 77272 77273 77274 77275 77282 77284 77287 77288 77289 77291 77292 77293 77297 77299 77315 77325 77411,1840020925
Dallas,Dallas,TX,Texas,48113,Dallas,32.7935,-96.7667,5830932,1478.7,shape,False,True,America/Chicago,1,75098 75287 75230 75231 75236 75237 75235 75254 75251 75252 75253 75043 75032 75227 75238 75232 75233 75234 75089 75088 75087 75247 75244 75249 75248 75051 75166 75210 75211 75212 75214 75215 75216 75217 75218 75219 75390 75182 75229 75228 75220 75223 75225 75224 75226 75243 75241 75240 75246 75270 75207 75206 75204 75203 75202 75201 75209 75208 75019 75221 75222 75242 75250 75260 75262 75263 75264 75266 75267 75277 75283 75284 75285 75301 75303 75312 75313 75315 75320 75336 75339 75342 75354 75355 75356 75357 75358 75359 75360 75367 75370 75371 75372 75373 75374 75376 75378 75379 75380 75382 75389 75392 75393 75394 75395 75397 75398,1840019440
Fort Worth,Fort Worth,TX,Texas,48439,Tarrant,32.7817,-97.3474,924663,1021.2,shape,False,True,America/Chicago,2,76164 76040 76134 76135 76137 76131 76132 76133 76109 76108 76105 76104 76107 76106 76103 76102 76155 76053 76052 76123 76120 76244 76008 76179 76177 76036 76140 76262 76006 76118 76119 76116 76117 76114 76115 76112 76110 76111 76129 76127 76126 76101 76113 76121 76122 76124 76130 76147 76150 76161 76162 76163 76166 76190 76191 76193 76195 76196 76197 76198 76199,1840020696
Lubbock,Lubbock,TX,Texas,48303,Lubbock,33.5657,-101.8879,280890,722.2,shape,False,True,America/Chicago,2,79406 79423 79424 79416 79412 79410 79407 79414 79411 79404 79401 79403 79402 79415 79413 79408 79409 79430 79452 79453 79457 79464 79490 79491 79493 79499,1840020604
Beaumont,Beaumont,TX,Texas,48245,Jefferson,30.0849,-94.1451,140930,537.6,shape,False,True,America/Chicago,2,77708 77705 77706 77707 77701 77702 77703 77713 77704 77710 77720 77725 77726,1840019612
Pflugerville,Pflugerville,TX,Texas,48453,Travis,30.4515,-97.6018,64528,969.2,shape,False,True,America/Chicago,3,78660 78691,1840020892
Stephenville,Stephenville,TX,Texas,48143,Erath,32.2147,-98.2205,21020,683.5,shape,False,True,America/Chicago,3,76401 76402,1840022097
Carthage,Carthage,TX,Texas,48365,Panola,32.1526,-94.3368,6549,237.2,shape,False,True,America/Chicago,3,75633,1840019497
Oak Leaf,Oak Leaf,TX,Texas,48139,Ellis,32.5138,-96.8563,1653,269.9,shape,False,True,America/Chicago,3,75154,1840020758
Falcon Village,Falcon Village,TX,Texas,48427,Starr,26.5652,-99.1341,0,38.9,shape,False,False,America/Chicago,3,78545,1840018314
Salt Lake City,Salt Lake City,UT,Utah,49035,Salt Lake,40.7776,-111.9311,1173879,700.8,shape,False,True,America/Denver,1,84116 84115 84114 84113 84112 84111 84128 84150 84180 84108 84101 84102 84103 84104 84105 84106 84138 84110 84122 84132 84133 84134 84139 84143 84145 84147 84148 84151 84152 84158 84199,1840021383
Provo,Provo,UT,Utah,49049,Utah,40.2457,-111.6457,619218,1059.2,shape,False,True,America/Denver,2,84606 84604 84602 84601 84603 84605,1840020174
Logan,Logan,UT,Utah,49005,Cache,41.7399,-111.8422,121666,1142.4,shape,False,True,America/Denver,2,84321 84322 84341,1840020108
Millcreek,Millcreek,UT,Utah,49035,Salt Lake,40.6892,-111.8292,63520,1901.9,shape,False,True,America/Denver,3,84117 84124 84109 84106 84107 84141,1840018744
Kearns,Kearns,UT,Utah,49035,Salt Lake,40.6519,-112.0095,36862,3072.5,shape,False,True,America/Denver,2,84118,1840017500
West Haven,West Haven,UT,Utah,49057,Weber,41.2083,-112.0541,18334,656.6,shape,False,True,America/Denver,3,84401 84402,1840021344
Snyderville,Snyderville,UT,Utah,49043,Summit,40.7041,-111.5434,5730,203.6,shape,False,False,America/Denver,3,84098,1840024187
Randolph,Randolph,UT,Utah,49033,Rich,41.6655,-111.1846,966,290.3,shape,False,True,America/Denver,3,84064,1840020116
Thompson Springs,Thompson Springs,UT,Utah,49019,Grand,38.9636,-109.7037,0,0.0,shape,False,False,America/Denver,3,84540,1840024467
Virginia Beach,Virginia Beach,VA,Virginia,51810,Virginia Beach,36.7335,-76.0435,1443020,722.4,shape,False,True,America/New_York,1,23459 23451 23453 23452 23455 23457 23456 23454 23460 23461 23462 23464 23450 23458 23463 23465 23466 23467 23471 23479,1840003871
Richmond,Richmond,VA,Virginia,51760,Richmond,37.5295,-77.4756,1073223,1463.7,shape,False,True,America/New_York,1,23222 23223 23298 23284 23220 23221 23226 23227 23224 23225 23230 23235 23234 23219 23173 23218 23232 23249 23260 23261 23269 23274 23276 23278 23282 23285 23286 23289 23290 23291 23292 23295,1840001698
Norfolk,Norfolk,VA,Virginia,51710,Norfolk,36.8945,-76.259,236973,1717.4,shape,False,True,America/New_York,2,23509 23508 23507 23504 23503 23502 23505 23518 23510 23511 23513 23517 23551 23523 23501 23506 23514 23515 23519 23529 23541,1840003869
Fredericksburg,Fredericksburg,VA,Virginia,51630,Fredericksburg,38.2992,-77.4872,176791,1044.0,shape,False,True,America/New_York,2,22401 22404 22412,1840003845
Dale City,Dale City,VA,Virginia,51153,Prince William,38.6473,-77.3459,73928,2004.5,shape,False,False,America/New_York,2,22193,1840006094
South Riding,South Riding,VA,Virginia,51107,Loudoun,38.912,-77.5132,33358,1881.7,shape,False,False,America/New_York,3,20152,1840024507
Idylwood,Idylwood,VA,Virginia,51059,Fairfax,38.8896,-77.2056,17788,2452.0,shape,False,False,America/New_York,2,22046 22043,1840006032
Collinsville,Collinsville,VA,Virginia,51089,Henry,36.7215,-79.9122,7640,375.4,shape,False,False,America/New_York,3,24078 24112,1840006553
Mountain Road,Mountain Road,VA,Virginia,51083,Halifax,36.7585,-78.989,1419,63.9,shape,False,False,America/New_York,3,24558,1840024812
Warm Springs,Warm Springs,VA,Virginia,51017,Bath,38.0463,-79.7826,0,32.0,shape,False,False,America/New_York,3,24484,1840026778
Burlington,Burlington,VT,Vermont,50007,Chittenden,44.4876,-73.2316,123307,1673.1,shape,False,True,America/New_York,2,05405 05401 05408 05406,1840002310
South Burlington,South Burlington,VT,Vermont,50007,Chittenden,44.4622,-73.2202,20241,475.5,shape,False,True,America/New_York,3,05403 05408 05407,1840002311
Essex Junction,Essex Junction,VT,Vermont,50007,Chittenden,44.4902,-73.1141,10646,899.6,shape,False,True,America/New_York,3,05452,1840004083
Montpelier,Montpelier,VT,Vermont,50023,Washington,44.2659,-72.5717,8030,308.3,shape,False,True,America/New_York,2,05602 05603 05604 05620 05633,1840002187
White River Junction,White River Junction,VT,Vermont,50027,Windsor,43.6499,-72.329,2766,457.1,shape,False,False,America/New_York,3,05001 05009,1840004162
East Barre,East Barre,VT,Vermont,50023,Washington,44.15,-72.4498,1136,167.4,shape,False,False,America/New_York,3,05649 05641,1840023971
East Middlebury,East Middlebury,VT,Vermont,50001,Addison,43.9746,-73.1052,483,255.0,shape,False,False,America/New_York,3,05753 05740,1840025378
East Dorset,East Dorset,VT,Vermont,50003,Bennington,43.245,-73.0069,253,43.9,shape,False,False,America/New_York,3,05253,1840115187
Highgate Springs,Highgate Springs,VT,Vermont,50011,Franklin,44.9782,-73.1056,3,30.4,shape,False,False,America/New_York,3,05488 05460,1840139506
Seattle,Seattle,WA,Washington,53033,King,47.6211,-122.3244,3561397,3376.6,shape,False,True,America/Los_Angeles,1,98109 98108 98105 98104 98107 98106 98101 98103 98102 98154 98122 98121 98126 98125 98178 98174 98177 98144 98146 98195 98199 98118 98119 98116 98117 98115 98112 98164 98134 98136 98133 98111 98113 98114 98124 98127 98129 98139 98141 98145 98161 98165 98170 98175 98181 98185 98191 98194,1840021117
Spokane,Spokane,WA,Washington,53063,Spokane,47.6671,-117.433,456219,1279.8,shape,False,True,America/Los_Angeles,2,99201 99203 99202 99205 99204 99207 99208 99258 99224 99223 99001 99212 99209 99210 99219 99220 99252 99256 99260,1840021093
Bremerton,Bremerton,WA,Washington,53035,Kitsap,47.5436,-122.7121,226805,597.3,shape,False,True,America/Los_Angeles,2,98312 98314 98310 98337,1840018410
Marysville,Marysville,WA,Washington,53061,Snohomish,48.0809,-122.1561,162664,1318.1,shape,False,True,America/Los_Angeles,2,98271 98270,1840019789
Kirkland,Kirkland,WA,Washington,53033,King,47.697,-122.2057,92015,1995.2,shape,False,True,America/Los_Angeles,3,98039 98033 98034 98083,1840019836
Parkland,Parkland,WA,Washington,53053,Pierce,47.1417,-122.4376,39398,1760.0,shape,False,False,America/Los_Angeles,3,98444 98445 98447,1840018453
Salmon Creek,Salmon Creek,WA,Washington,53011,Clark,45.7099,-122.6632,20312,1235.6,shape,False,False,America/Los_Angeles,3,98686 98685,1840018520
Barberton,Barberton,WA,Washington,53011,Clark,45.7136,-122.6115,7945,707.1,shape,False,False,America/Los_Angeles,3,98662 98686 98666 98668,1840017397
Geneva,Geneva,WA,Washington,53073,Whatcom,48.7446,-122.4043,2096,588.0,shape,False,False,America/Los_Angeles,3,98229,1840017291
Elbe,Elbe,WA,Washington,53053,Pierce,46.7653,-122.1956,0,144.4,shape,False,False,America/Los_Angeles,3,98328,1840017364
Milwaukee,Milwaukee,WI,Wisconsin,55079,Milwaukee,43.0642,-87.9675,1290940,2301.6,shape,False,True,America/Chicago,1,53203 53202 53207 53206 53205 53204 53209 53208 53233 53218 53219 53214 53215 53216 53210 53211 53212 53213 53295 53225 53224 53221 53220 53223 53222 53228 53201 53237 53259 53263 53274 53278 53288 53290 53293,1840003046
Madison,Madison,WI,Wisconsin,55025,Dane,43.0822,-89.393,451652,1268.3,shape,False,True,America/Chicago,2,53706 53704 53705 53703 53726 53792 53719 53718 53715 53714 53717 53716 53711 53713 53701 53702 53707 53708 53725 53774 53777 53782 53783 53784 53785 53786 53788 53790 53793 53794,1840002915
Green Bay,Green Bay,WI,Wisconsin,55009,Brown,44.5148,-87.9895,225633,907.1,shape,False,True,America/Chicago,2,54304 54303 54302 54301 54311 54305 54306 54308,1840002344
Oshkosh,Oshkosh,WI,Wisconsin,55139,Winnebago,44.0227,-88.5619,74251,946.8,shape,False,True,America/Chicago,3,54985 54904 54901 54902 54903 54906,1840002246
Menomonee Falls,Menomonee Falls,WI,Wisconsin,55133,Waukesha,43.1487,-88.1227,38610,453.0,shape,False,True,America/Chicago,3,53051 53052,1840003020
South Milwaukee,South Milwaukee,WI,Wisconsin,55079,Milwaukee,42.912,-87.8627,20678,1654.4,shape,False,True,America/Chicago,3,53172,1840003032
Marinette,Marinette,WI,Wisconsin,55075,Marinette,45.0871,-87.6336,11065,609.8,shape,False,True,America/Chicago,3,54143,1840003930
Rochester,Rochester,WI,Wisconsin,55101,Racine,42.7338,-88.2489,3776,83.7,shape,False,True,America/Chicago,3,53167 53105 53138,1840002494
Hazel Green,Hazel Green,WI,Wisconsin,55043,Grant,42.5341,-90.4361,1025,310.9,shape,False,True,America/Chicago,3,53811,1840002967
Ceex Haci,Ceex Haci,WI,Wisconsin,55141,Wood,44.2818,-89.965,27,75.6,shape,False,False,America/Chicago,3,54457,1840144082
Huntington,Huntington,WV,West Virginia,54011,Cabell,38.4109,-82.4345,202754,1110.2,shape,False,True,America/New_York,2,25703 25702 25701 25705 25704 25755 25706 25708 25709 25710 25711 25712 25713 25714 25716 25717 25718 25719 25720 25721 25722 25723 25724 25725 25726 25727 25728 25729 25772 25773 25774 25775 25776 25777 25778,1840006211
Morgantown,Morgantown,WV,West Virginia,54061,Monongalia,39.6383,-79.9464,81912,1146.2,shape,False,True,America/New_York,3,26501 26505 26506 26504,1840005647
Martinsburg,Martinsburg,WV,West Virginia,54003,Berkeley,39.4582,-77.9776,18678,1087.6,shape,False,True,America/New_York,3,25401 25403 25404 25402,1840005742
Vienna,Vienna,WV,West Virginia,54107,Wood,39.324,-81.5383,10642,1035.6,shape,False,True,America/New_York,3,26105,1840005787
Ranson,Ranson,WV,West Virginia,54037,Jefferson,39.325,-77.8667,5497,261.9,shape,False,True,America/New_York,3,25438 25430,1840038308
Moorefield,Moorefield,WV,West Virginia,54031,Hardy,39.0675,-78.9623,2846,412.1,shape,False,True,America/New_York,3,26836,1840005904
Stanaford,Stanaford,WV,West Virginia,54081,Raleigh,37.8156,-81.1491,1401,283.7,shape,False,False,America/New_York,3,25801 25860 25927,1840006349
Verdunville,Verdunville,WV,West Virginia,54045,Logan,37.8532,-82.0603,528,76.3,shape,False,False,America/New_York,3,25649,1840025706
Bartley,Bartley,WV,West Virginia,54047,McDowell,37.3372,-81.7334,0,54.5,shape,False,False,America/New_York,3,24892 24813,1840025730
Cheyenne,Cheyenne,WY,Wyoming,56021,Laramie,41.135,-104.7902,78204,734.0,shape,False,True,America/Denver,2,82009 82001 82007 82002 82003,1840018713
Gillette,Gillette,WY,Wyoming,56005,Campbell,44.2752,-105.4982,33158,552.2,shape,False,True,America/Denver,3,82718 82716,1840019978
Rock Springs,Rock Springs,WY,Wyoming,56037,Sweetwater,41.5947,-109.2209,23361,456.6,shape,False,True,America/Denver,3,82901 82902,1840020101
Riverton,Riverton,WY,Wyoming,56013,Fremont,43.0421,-108.4144,10733,400.8,shape,False,True,America/Denver,3,82501,1840020026
Buffalo,Buffalo,WY,Wyoming,56019,Johnson,44.3427,-106.7139,4475,380.5,shape,False,True,America/Denver,3,82834,1840018615
Lovell,Lovell,WY,Wyoming,56003,Big Horn,44.8357,-108.3919,2178,763.2,shape,False,True,America/Denver,3,82431,1840021242
Hartrandt,Hartrandt,WY,Wyoming,56025,Natrona,42.8836,-106.3492,903,223.4,shape,False,False,America/Denver,3,82601,1840038429
Burlington,Burlington,WY,Wyoming,56003,Big Horn,44.4471,-108.432,249,95.1,shape,False,True,America/Denver,3,82411,1840021238
Table Rock,Table Rock,WY,Wyoming,56037,Sweetwater,41.622,-108.404,0,0.0,shape,False,False,America/Denver,3,82901,1840018693
